region,iso3c,country,variable,years_observed,non_missing,missing,missing_share,first_non_missing_year,last_non_missing_year
CAEMC,CAF,Central African Republic,agriculture,42,13,29,0.6904761904761905,2009,2021
CAEMC,CAF,Central African Republic,alt_inflation,42,41,1,0.023809523809523808,1981,2021
CAEMC,CAF,Central African Republic,cgdpo,42,40,2,0.047619047619047616,1980,2019
CAEMC,CAF,Central African Republic,csh_g,42,40,2,0.047619047619047616,1980,2019
CAEMC,CAF,Central African Republic,csh_i,42,40,2,0.047619047619047616,1980,2019
CAEMC,CAF,Central African Republic,emp,42,40,2,0.047619047619047616,1980,2019
CAEMC,CAF,Central African Republic,fdi,42,42,0,0,1980,2021
CAEMC,CAF,Central African Republic,gdp_pc,42,40,2,0.047619047619047616,1980,2019
CAEMC,CAF,Central African Republic,gdp_pc_current,42,40,2,0.047619047619047616,1980,2019
CAEMC,CAF,Central African Republic,gdp_pc_wdi,42,32,10,0.23809523809523808,1990,2021
CAEMC,CAF,Central African Republic,gdp_pc_wdi_alt,42,42,0,0,1980,2021
CAEMC,CAF,Central African Republic,govt_share,42,40,2,0.047619047619047616,1980,2019
CAEMC,CAF,Central African Republic,hc,42,40,2,0.047619047619047616,1980,2019
CAEMC,CAF,Central African Republic,industry,42,13,29,0.6904761904761905,2009,2021
CAEMC,CAF,Central African Republic,inflation,42,42,0,0,1980,2021
CAEMC,CAF,Central African Republic,invest_share,42,40,2,0.047619047619047616,1980,2019
CAEMC,CAF,Central African Republic,iso2c,42,42,0,0,1980,2021
CAEMC,CAF,Central African Republic,labour,42,40,2,0.047619047619047616,1980,2019
CAEMC,CAF,Central African Republic,oda,42,32,10,0.23809523809523808,1980,2011
CAEMC,CAF,Central African Republic,polity2,42,39,3,0.07142857142857142,1980,2018
CAEMC,CAF,Central African Republic,pop,42,40,2,0.047619047619047616,1980,2019
CAEMC,CAF,Central African Republic,rgdpo,42,40,2,0.047619047619047616,1980,2019
CAEMC,CMR,Cameroon,agriculture,42,42,0,0,1980,2021
CAEMC,CMR,Cameroon,alt_inflation,42,42,0,0,1980,2021
CAEMC,CMR,Cameroon,cgdpo,42,40,2,0.047619047619047616,1980,2019
CAEMC,CMR,Cameroon,csh_g,42,40,2,0.047619047619047616,1980,2019
CAEMC,CMR,Cameroon,csh_i,42,40,2,0.047619047619047616,1980,2019
CAEMC,CMR,Cameroon,emp,42,40,2,0.047619047619047616,1980,2019
CAEMC,CMR,Cameroon,fdi,42,42,0,0,1980,2021
CAEMC,CMR,Cameroon,gdp_pc,42,40,2,0.047619047619047616,1980,2019
CAEMC,CMR,Cameroon,gdp_pc_current,42,40,2,0.047619047619047616,1980,2019
CAEMC,CMR,Cameroon,gdp_pc_wdi,42,32,10,0.23809523809523808,1990,2021
CAEMC,CMR,Cameroon,gdp_pc_wdi_alt,42,42,0,0,1980,2021
CAEMC,CMR,Cameroon,govt_share,42,40,2,0.047619047619047616,1980,2019
CAEMC,CMR,Cameroon,hc,42,40,2,0.047619047619047616,1980,2019
CAEMC,CMR,Cameroon,industry,42,42,0,0,1980,2021
CAEMC,CMR,Cameroon,inflation,42,42,0,0,1980,2021
CAEMC,CMR,Cameroon,invest_share,42,40,2,0.047619047619047616,1980,2019
CAEMC,CMR,Cameroon,iso2c,42,42,0,0,1980,2021
CAEMC,CMR,Cameroon,labour,42,40,2,0.047619047619047616,1980,2019
CAEMC,CMR,Cameroon,oda,42,32,10,0.23809523809523808,1980,2011
CAEMC,CMR,Cameroon,polity2,42,39,3,0.07142857142857142,1980,2018
CAEMC,CMR,Cameroon,pop,42,40,2,0.047619047619047616,1980,2019
CAEMC,CMR,Cameroon,rgdpo,42,40,2,0.047619047619047616,1980,2019
CAEMC,COG,"Congo, Rep.",agriculture,42,42,0,0,1980,2021
CAEMC,COG,"Congo, Rep.",alt_inflation,42,34,8,0.19047619047619047,1986,2021
CAEMC,COG,"Congo, Rep.",cgdpo,42,40,2,0.047619047619047616,1980,2019
CAEMC,COG,"Congo, Rep.",csh_g,42,40,2,0.047619047619047616,1980,2019
CAEMC,COG,"Congo, Rep.",csh_i,42,40,2,0.047619047619047616,1980,2019
CAEMC,COG,"Congo, Rep.",emp,42,40,2,0.047619047619047616,1980,2019
CAEMC,COG,"Congo, Rep.",fdi,42,42,0,0,1980,2021
CAEMC,COG,"Congo, Rep.",gdp_pc,42,40,2,0.047619047619047616,1980,2019
CAEMC,COG,"Congo, Rep.",gdp_pc_current,42,40,2,0.047619047619047616,1980,2019
CAEMC,COG,"Congo, Rep.",gdp_pc_wdi,42,32,10,0.23809523809523808,1990,2021
CAEMC,COG,"Congo, Rep.",gdp_pc_wdi_alt,42,42,0,0,1980,2021
CAEMC,COG,"Congo, Rep.",govt_share,42,40,2,0.047619047619047616,1980,2019
CAEMC,COG,"Congo, Rep.",hc,42,40,2,0.047619047619047616,1980,2019
CAEMC,COG,"Congo, Rep.",industry,42,42,0,0,1980,2021
CAEMC,COG,"Congo, Rep.",inflation,42,42,0,0,1980,2021
CAEMC,COG,"Congo, Rep.",invest_share,42,40,2,0.047619047619047616,1980,2019
CAEMC,COG,"Congo, Rep.",iso2c,42,42,0,0,1980,2021
CAEMC,COG,"Congo, Rep.",labour,42,40,2,0.047619047619047616,1980,2019
CAEMC,COG,"Congo, Rep.",oda,42,32,10,0.23809523809523808,1980,2011
CAEMC,COG,"Congo, Rep.",polity2,42,39,3,0.07142857142857142,1980,2018
CAEMC,COG,"Congo, Rep.",pop,42,40,2,0.047619047619047616,1980,2019
CAEMC,COG,"Congo, Rep.",rgdpo,42,40,2,0.047619047619047616,1980,2019
CAEMC,GAB,Gabon,agriculture,42,42,0,0,1980,2021
CAEMC,GAB,Gabon,alt_inflation,42,42,0,0,1980,2021
CAEMC,GAB,Gabon,cgdpo,42,40,2,0.047619047619047616,1980,2019
CAEMC,GAB,Gabon,csh_g,42,40,2,0.047619047619047616,1980,2019
CAEMC,GAB,Gabon,csh_i,42,40,2,0.047619047619047616,1980,2019
CAEMC,GAB,Gabon,emp,42,40,2,0.047619047619047616,1980,2019
CAEMC,GAB,Gabon,fdi,42,42,0,0,1980,2021
CAEMC,GAB,Gabon,gdp_pc,42,40,2,0.047619047619047616,1980,2019
CAEMC,GAB,Gabon,gdp_pc_current,42,40,2,0.047619047619047616,1980,2019
CAEMC,GAB,Gabon,gdp_pc_wdi,42,32,10,0.23809523809523808,1990,2021
CAEMC,GAB,Gabon,gdp_pc_wdi_alt,42,42,0,0,1980,2021
CAEMC,GAB,Gabon,govt_share,42,40,2,0.047619047619047616,1980,2019
CAEMC,GAB,Gabon,hc,42,40,2,0.047619047619047616,1980,2019
CAEMC,GAB,Gabon,industry,42,42,0,0,1980,2021
CAEMC,GAB,Gabon,inflation,42,42,0,0,1980,2021
CAEMC,GAB,Gabon,invest_share,42,40,2,0.047619047619047616,1980,2019
CAEMC,GAB,Gabon,iso2c,42,42,0,0,1980,2021
CAEMC,GAB,Gabon,labour,42,40,2,0.047619047619047616,1980,2019
CAEMC,GAB,Gabon,oda,42,32,10,0.23809523809523808,1980,2011
CAEMC,GAB,Gabon,polity2,42,39,3,0.07142857142857142,1980,2018
CAEMC,GAB,Gabon,pop,42,40,2,0.047619047619047616,1980,2019
CAEMC,GAB,Gabon,rgdpo,42,40,2,0.047619047619047616,1980,2019
CAEMC,GNQ,Equatorial Guinea,agriculture,42,16,26,0.6190476190476191,2006,2021
CAEMC,GNQ,Equatorial Guinea,alt_inflation,42,36,6,0.14285714285714285,1986,2021
CAEMC,GNQ,Equatorial Guinea,cgdpo,42,40,2,0.047619047619047616,1980,2019
CAEMC,GNQ,Equatorial Guinea,csh_g,42,40,2,0.047619047619047616,1980,2019
CAEMC,GNQ,Equatorial Guinea,csh_i,42,40,2,0.047619047619047616,1980,2019
CAEMC,GNQ,Equatorial Guinea,emp,42,40,2,0.047619047619047616,1980,2019
CAEMC,GNQ,Equatorial Guinea,fdi,42,41,1,0.023809523809523808,1981,2021
CAEMC,GNQ,Equatorial Guinea,gdp_pc,42,40,2,0.047619047619047616,1980,2019
CAEMC,GNQ,Equatorial Guinea,gdp_pc_current,42,40,2,0.047619047619047616,1980,2019
CAEMC,GNQ,Equatorial Guinea,gdp_pc_wdi,42,32,10,0.23809523809523808,1990,2021
CAEMC,GNQ,Equatorial Guinea,gdp_pc_wdi_alt,42,42,0,0,1980,2021
CAEMC,GNQ,Equatorial Guinea,govt_share,42,40,2,0.047619047619047616,1980,2019
CAEMC,GNQ,Equatorial Guinea,hc,42,0,42,1,NA,NA
CAEMC,GNQ,Equatorial Guinea,industry,42,16,26,0.6190476190476191,2006,2021
CAEMC,GNQ,Equatorial Guinea,inflation,42,41,1,0.023809523809523808,1981,2021
CAEMC,GNQ,Equatorial Guinea,invest_share,42,40,2,0.047619047619047616,1980,2019
CAEMC,GNQ,Equatorial Guinea,iso2c,42,42,0,0,1980,2021
CAEMC,GNQ,Equatorial Guinea,labour,42,40,2,0.047619047619047616,1980,2019
CAEMC,GNQ,Equatorial Guinea,oda,42,27,15,0.35714285714285715,1985,2011
CAEMC,GNQ,Equatorial Guinea,polity2,42,39,3,0.07142857142857142,1980,2018
CAEMC,GNQ,Equatorial Guinea,pop,42,40,2,0.047619047619047616,1980,2019
CAEMC,GNQ,Equatorial Guinea,rgdpo,42,40,2,0.047619047619047616,1980,2019
CAEMC,TCD,Chad,agriculture,42,42,0,0,1980,2021
CAEMC,TCD,Chad,alt_inflation,42,38,4,0.09523809523809523,1984,2021
CAEMC,TCD,Chad,cgdpo,42,40,2,0.047619047619047616,1980,2019
CAEMC,TCD,Chad,csh_g,42,40,2,0.047619047619047616,1980,2019
CAEMC,TCD,Chad,csh_i,42,40,2,0.047619047619047616,1980,2019
CAEMC,TCD,Chad,emp,42,40,2,0.047619047619047616,1980,2019
CAEMC,TCD,Chad,fdi,42,42,0,0,1980,2021
CAEMC,TCD,Chad,gdp_pc,42,40,2,0.047619047619047616,1980,2019
CAEMC,TCD,Chad,gdp_pc_current,42,40,2,0.047619047619047616,1980,2019
CAEMC,TCD,Chad,gdp_pc_wdi,42,32,10,0.23809523809523808,1990,2021
CAEMC,TCD,Chad,gdp_pc_wdi_alt,42,42,0,0,1980,2021
CAEMC,TCD,Chad,govt_share,42,40,2,0.047619047619047616,1980,2019
CAEMC,TCD,Chad,hc,42,0,42,1,NA,NA
CAEMC,TCD,Chad,industry,42,42,0,0,1980,2021
CAEMC,TCD,Chad,inflation,42,42,0,0,1980,2021
CAEMC,TCD,Chad,invest_share,42,40,2,0.047619047619047616,1980,2019
CAEMC,TCD,Chad,iso2c,42,42,0,0,1980,2021
CAEMC,TCD,Chad,labour,42,40,2,0.047619047619047616,1980,2019
CAEMC,TCD,Chad,oda,42,32,10,0.23809523809523808,1980,2011
CAEMC,TCD,Chad,polity2,42,39,3,0.07142857142857142,1980,2018
CAEMC,TCD,Chad,pop,42,40,2,0.047619047619047616,1980,2019
CAEMC,TCD,Chad,rgdpo,42,40,2,0.047619047619047616,1980,2019
Donor pool,BGD,Bangladesh,agriculture,42,42,0,0,1980,2021
Donor pool,BGD,Bangladesh,alt_inflation,42,35,7,0.16666666666666666,1987,2021
Donor pool,BGD,Bangladesh,cgdpo,42,40,2,0.047619047619047616,1980,2019
Donor pool,BGD,Bangladesh,csh_g,42,40,2,0.047619047619047616,1980,2019
Donor pool,BGD,Bangladesh,csh_i,42,40,2,0.047619047619047616,1980,2019
Donor pool,BGD,Bangladesh,emp,42,40,2,0.047619047619047616,1980,2019
Donor pool,BGD,Bangladesh,fdi,42,42,0,0,1980,2021
Donor pool,BGD,Bangladesh,gdp_pc,42,40,2,0.047619047619047616,1980,2019
Donor pool,BGD,Bangladesh,gdp_pc_current,42,40,2,0.047619047619047616,1980,2019
Donor pool,BGD,Bangladesh,gdp_pc_wdi,42,32,10,0.23809523809523808,1990,2021
Donor pool,BGD,Bangladesh,gdp_pc_wdi_alt,42,42,0,0,1980,2021
Donor pool,BGD,Bangladesh,govt_share,42,40,2,0.047619047619047616,1980,2019
Donor pool,BGD,Bangladesh,hc,42,40,2,0.047619047619047616,1980,2019
Donor pool,BGD,Bangladesh,industry,42,42,0,0,1980,2021
Donor pool,BGD,Bangladesh,inflation,42,42,0,0,1980,2021
Donor pool,BGD,Bangladesh,invest_share,42,40,2,0.047619047619047616,1980,2019
Donor pool,BGD,Bangladesh,iso2c,42,42,0,0,1980,2021
Donor pool,BGD,Bangladesh,labour,42,40,2,0.047619047619047616,1980,2019
Donor pool,BGD,Bangladesh,oda,42,0,42,1,NA,NA
Donor pool,BGD,Bangladesh,polity2,42,39,3,0.07142857142857142,1980,2018
Donor pool,BGD,Bangladesh,pop,42,40,2,0.047619047619047616,1980,2019
Donor pool,BGD,Bangladesh,rgdpo,42,40,2,0.047619047619047616,1980,2019
Donor pool,BOL,Bolivia,agriculture,42,42,0,0,1980,2021
Donor pool,BOL,Bolivia,alt_inflation,42,42,0,0,1980,2021
Donor pool,BOL,Bolivia,cgdpo,42,40,2,0.047619047619047616,1980,2019
Donor pool,BOL,Bolivia,csh_g,42,40,2,0.047619047619047616,1980,2019
Donor pool,BOL,Bolivia,csh_i,42,40,2,0.047619047619047616,1980,2019
Donor pool,BOL,Bolivia,emp,42,40,2,0.047619047619047616,1980,2019
Donor pool,BOL,Bolivia,fdi,42,42,0,0,1980,2021
Donor pool,BOL,Bolivia,gdp_pc,42,40,2,0.047619047619047616,1980,2019
Donor pool,BOL,Bolivia,gdp_pc_current,42,40,2,0.047619047619047616,1980,2019
Donor pool,BOL,Bolivia,gdp_pc_wdi,42,32,10,0.23809523809523808,1990,2021
Donor pool,BOL,Bolivia,gdp_pc_wdi_alt,42,42,0,0,1980,2021
Donor pool,BOL,Bolivia,govt_share,42,40,2,0.047619047619047616,1980,2019
Donor pool,BOL,Bolivia,hc,42,40,2,0.047619047619047616,1980,2019
Donor pool,BOL,Bolivia,industry,42,42,0,0,1980,2021
Donor pool,BOL,Bolivia,inflation,42,42,0,0,1980,2021
Donor pool,BOL,Bolivia,invest_share,42,40,2,0.047619047619047616,1980,2019
Donor pool,BOL,Bolivia,iso2c,42,42,0,0,1980,2021
Donor pool,BOL,Bolivia,labour,42,40,2,0.047619047619047616,1980,2019
Donor pool,BOL,Bolivia,oda,42,0,42,1,NA,NA
Donor pool,BOL,Bolivia,polity2,42,39,3,0.07142857142857142,1980,2018
Donor pool,BOL,Bolivia,pop,42,40,2,0.047619047619047616,1980,2019
Donor pool,BOL,Bolivia,rgdpo,42,40,2,0.047619047619047616,1980,2019
Donor pool,BRB,Barbados,agriculture,42,42,0,0,1980,2021
Donor pool,BRB,Barbados,alt_inflation,42,40,2,0.047619047619047616,1980,2019
Donor pool,BRB,Barbados,cgdpo,42,40,2,0.047619047619047616,1980,2019
Donor pool,BRB,Barbados,csh_g,42,40,2,0.047619047619047616,1980,2019
Donor pool,BRB,Barbados,csh_i,42,40,2,0.047619047619047616,1980,2019
Donor pool,BRB,Barbados,emp,42,40,2,0.047619047619047616,1980,2019
Donor pool,BRB,Barbados,fdi,42,42,0,0,1980,2021
Donor pool,BRB,Barbados,gdp_pc,42,40,2,0.047619047619047616,1980,2019
Donor pool,BRB,Barbados,gdp_pc_current,42,40,2,0.047619047619047616,1980,2019
Donor pool,BRB,Barbados,gdp_pc_wdi,42,32,10,0.23809523809523808,1990,2021
Donor pool,BRB,Barbados,gdp_pc_wdi_alt,42,42,0,0,1980,2021
Donor pool,BRB,Barbados,govt_share,42,40,2,0.047619047619047616,1980,2019
Donor pool,BRB,Barbados,hc,42,40,2,0.047619047619047616,1980,2019
Donor pool,BRB,Barbados,industry,42,42,0,0,1980,2021
Donor pool,BRB,Barbados,inflation,42,42,0,0,1980,2021
Donor pool,BRB,Barbados,invest_share,42,40,2,0.047619047619047616,1980,2019
Donor pool,BRB,Barbados,iso2c,42,42,0,0,1980,2021
Donor pool,BRB,Barbados,labour,42,40,2,0.047619047619047616,1980,2019
Donor pool,BRB,Barbados,oda,42,0,42,1,NA,NA
Donor pool,BRB,Barbados,polity2,42,0,42,1,NA,NA
Donor pool,BRB,Barbados,pop,42,40,2,0.047619047619047616,1980,2019
Donor pool,BRB,Barbados,rgdpo,42,40,2,0.047619047619047616,1980,2019
Donor pool,BTN,Bhutan,agriculture,42,42,0,0,1980,2021
Donor pool,BTN,Bhutan,alt_inflation,42,41,1,0.023809523809523808,1981,2021
Donor pool,BTN,Bhutan,cgdpo,42,40,2,0.047619047619047616,1980,2019
Donor pool,BTN,Bhutan,csh_g,42,40,2,0.047619047619047616,1980,2019
Donor pool,BTN,Bhutan,csh_i,42,40,2,0.047619047619047616,1980,2019
Donor pool,BTN,Bhutan,emp,42,40,2,0.047619047619047616,1980,2019
Donor pool,BTN,Bhutan,fdi,42,26,16,0.38095238095238093,1990,2021
Donor pool,BTN,Bhutan,gdp_pc,42,40,2,0.047619047619047616,1980,2019
Donor pool,BTN,Bhutan,gdp_pc_current,42,40,2,0.047619047619047616,1980,2019
Donor pool,BTN,Bhutan,gdp_pc_wdi,42,32,10,0.23809523809523808,1990,2021
Donor pool,BTN,Bhutan,gdp_pc_wdi_alt,42,42,0,0,1980,2021
Donor pool,BTN,Bhutan,govt_share,42,40,2,0.047619047619047616,1980,2019
Donor pool,BTN,Bhutan,hc,42,0,42,1,NA,NA
Donor pool,BTN,Bhutan,industry,42,42,0,0,1980,2021
Donor pool,BTN,Bhutan,inflation,42,42,0,0,1980,2021
Donor pool,BTN,Bhutan,invest_share,42,40,2,0.047619047619047616,1980,2019
Donor pool,BTN,Bhutan,iso2c,42,42,0,0,1980,2021
Donor pool,BTN,Bhutan,labour,42,40,2,0.047619047619047616,1980,2019
Donor pool,BTN,Bhutan,oda,42,0,42,1,NA,NA
Donor pool,BTN,Bhutan,polity2,42,39,3,0.07142857142857142,1980,2018
Donor pool,BTN,Bhutan,pop,42,40,2,0.047619047619047616,1980,2019
Donor pool,BTN,Bhutan,rgdpo,42,40,2,0.047619047619047616,1980,2019
Donor pool,BWA,Botswana,agriculture,42,42,0,0,1980,2021
Donor pool,BWA,Botswana,alt_inflation,42,42,0,0,1980,2021
Donor pool,BWA,Botswana,cgdpo,42,40,2,0.047619047619047616,1980,2019
Donor pool,BWA,Botswana,csh_g,42,40,2,0.047619047619047616,1980,2019
Donor pool,BWA,Botswana,csh_i,42,40,2,0.047619047619047616,1980,2019
Donor pool,BWA,Botswana,emp,42,40,2,0.047619047619047616,1980,2019
Donor pool,BWA,Botswana,fdi,42,42,0,0,1980,2021
Donor pool,BWA,Botswana,gdp_pc,42,40,2,0.047619047619047616,1980,2019
Donor pool,BWA,Botswana,gdp_pc_current,42,40,2,0.047619047619047616,1980,2019
Donor pool,BWA,Botswana,gdp_pc_wdi,42,32,10,0.23809523809523808,1990,2021
Donor pool,BWA,Botswana,gdp_pc_wdi_alt,42,42,0,0,1980,2021
Donor pool,BWA,Botswana,govt_share,42,40,2,0.047619047619047616,1980,2019
Donor pool,BWA,Botswana,hc,42,40,2,0.047619047619047616,1980,2019
Donor pool,BWA,Botswana,industry,42,42,0,0,1980,2021
Donor pool,BWA,Botswana,inflation,42,42,0,0,1980,2021
Donor pool,BWA,Botswana,invest_share,42,40,2,0.047619047619047616,1980,2019
Donor pool,BWA,Botswana,iso2c,42,42,0,0,1980,2021
Donor pool,BWA,Botswana,labour,42,40,2,0.047619047619047616,1980,2019
Donor pool,BWA,Botswana,oda,42,32,10,0.23809523809523808,1980,2011
Donor pool,BWA,Botswana,polity2,42,39,3,0.07142857142857142,1980,2018
Donor pool,BWA,Botswana,pop,42,40,2,0.047619047619047616,1980,2019
Donor pool,BWA,Botswana,rgdpo,42,40,2,0.047619047619047616,1980,2019
Donor pool,CPV,Cabo Verde,agriculture,42,42,0,0,1980,2021
Donor pool,CPV,Cape Verde,agriculture,33,0,33,1,NA,NA
Donor pool,CPV,Cabo Verde,alt_inflation,42,38,4,0.09523809523809523,1984,2021
Donor pool,CPV,Cape Verde,alt_inflation,33,0,33,1,NA,NA
Donor pool,CPV,Cabo Verde,cgdpo,42,40,2,0.047619047619047616,1980,2019
Donor pool,CPV,Cape Verde,cgdpo,33,33,0,0,1980,2012
Donor pool,CPV,Cabo Verde,csh_g,42,40,2,0.047619047619047616,1980,2019
Donor pool,CPV,Cape Verde,csh_g,33,33,0,0,1980,2012
Donor pool,CPV,Cabo Verde,csh_i,42,40,2,0.047619047619047616,1980,2019
Donor pool,CPV,Cape Verde,csh_i,33,33,0,0,1980,2012
Donor pool,CPV,Cabo Verde,emp,42,40,2,0.047619047619047616,1980,2019
Donor pool,CPV,Cape Verde,emp,33,33,0,0,1980,2012
Donor pool,CPV,Cabo Verde,fdi,42,42,0,0,1980,2021
Donor pool,CPV,Cape Verde,fdi,33,0,33,1,NA,NA
Donor pool,CPV,Cabo Verde,gdp_pc,42,40,2,0.047619047619047616,1980,2019
Donor pool,CPV,Cape Verde,gdp_pc,33,33,0,0,1980,2012
Donor pool,CPV,Cabo Verde,gdp_pc_current,42,40,2,0.047619047619047616,1980,2019
Donor pool,CPV,Cape Verde,gdp_pc_current,33,33,0,0,1980,2012
Donor pool,CPV,Cabo Verde,gdp_pc_wdi,42,32,10,0.23809523809523808,1990,2021
Donor pool,CPV,Cape Verde,gdp_pc_wdi,33,0,33,1,NA,NA
Donor pool,CPV,Cabo Verde,gdp_pc_wdi_alt,42,42,0,0,1980,2021
Donor pool,CPV,Cape Verde,gdp_pc_wdi_alt,33,0,33,1,NA,NA
Donor pool,CPV,Cabo Verde,govt_share,42,40,2,0.047619047619047616,1980,2019
Donor pool,CPV,Cape Verde,govt_share,33,33,0,0,1980,2012
Donor pool,CPV,Cabo Verde,hc,42,0,42,1,NA,NA
Donor pool,CPV,Cape Verde,hc,33,0,33,1,NA,NA
Donor pool,CPV,Cabo Verde,industry,42,42,0,0,1980,2021
Donor pool,CPV,Cape Verde,industry,33,0,33,1,NA,NA
Donor pool,CPV,Cabo Verde,inflation,42,41,1,0.023809523809523808,1981,2021
Donor pool,CPV,Cape Verde,inflation,33,0,33,1,NA,NA
Donor pool,CPV,Cabo Verde,invest_share,42,40,2,0.047619047619047616,1980,2019
Donor pool,CPV,Cape Verde,invest_share,33,33,0,0,1980,2012
Donor pool,CPV,Cabo Verde,iso2c,42,42,0,0,1980,2021
Donor pool,CPV,Cape Verde,iso2c,33,0,33,1,NA,NA
Donor pool,CPV,Cabo Verde,labour,42,40,2,0.047619047619047616,1980,2019
Donor pool,CPV,Cape Verde,labour,33,33,0,0,1980,2012
Donor pool,CPV,Cabo Verde,oda,42,0,42,1,NA,NA
Donor pool,CPV,Cape Verde,oda,33,32,1,0.030303030303030304,1980,2011
Donor pool,CPV,Cabo Verde,polity2,42,39,3,0.07142857142857142,1980,2018
Donor pool,CPV,Cape Verde,polity2,33,33,0,0,1980,2012
Donor pool,CPV,Cabo Verde,pop,42,40,2,0.047619047619047616,1980,2019
Donor pool,CPV,Cape Verde,pop,33,33,0,0,1980,2012
Donor pool,CPV,Cabo Verde,rgdpo,42,40,2,0.047619047619047616,1980,2019
Donor pool,CPV,Cape Verde,rgdpo,33,33,0,0,1980,2012
Donor pool,DMA,Dominica,agriculture,42,42,0,0,1980,2021
Donor pool,DMA,Dominica,alt_inflation,42,41,1,0.023809523809523808,1981,2021
Donor pool,DMA,Dominica,cgdpo,42,40,2,0.047619047619047616,1980,2019
Donor pool,DMA,Dominica,csh_g,42,40,2,0.047619047619047616,1980,2019
Donor pool,DMA,Dominica,csh_i,42,40,2,0.047619047619047616,1980,2019
Donor pool,DMA,Dominica,emp,42,13,29,0.6904761904761905,1989,2001
Donor pool,DMA,Dominica,fdi,42,42,0,0,1980,2021
Donor pool,DMA,Dominica,gdp_pc,42,40,2,0.047619047619047616,1980,2019
Donor pool,DMA,Dominica,gdp_pc_current,42,40,2,0.047619047619047616,1980,2019
Donor pool,DMA,Dominica,gdp_pc_wdi,42,32,10,0.23809523809523808,1990,2021
Donor pool,DMA,Dominica,gdp_pc_wdi_alt,42,42,0,0,1980,2021
Donor pool,DMA,Dominica,govt_share,42,40,2,0.047619047619047616,1980,2019
Donor pool,DMA,Dominica,hc,42,0,42,1,NA,NA
Donor pool,DMA,Dominica,industry,42,42,0,0,1980,2021
Donor pool,DMA,Dominica,inflation,42,42,0,0,1980,2021
Donor pool,DMA,Dominica,invest_share,42,40,2,0.047619047619047616,1980,2019
Donor pool,DMA,Dominica,iso2c,42,42,0,0,1980,2021
Donor pool,DMA,Dominica,labour,42,13,29,0.6904761904761905,1989,2001
Donor pool,DMA,Dominica,oda,42,0,42,1,NA,NA
Donor pool,DMA,Dominica,polity2,42,0,42,1,NA,NA
Donor pool,DMA,Dominica,pop,42,40,2,0.047619047619047616,1980,2019
Donor pool,DMA,Dominica,rgdpo,42,40,2,0.047619047619047616,1980,2019
Donor pool,ECU,Ecuador,agriculture,42,42,0,0,1980,2021
Donor pool,ECU,Ecuador,alt_inflation,42,42,0,0,1980,2021
Donor pool,ECU,Ecuador,cgdpo,42,40,2,0.047619047619047616,1980,2019
Donor pool,ECU,Ecuador,csh_g,42,40,2,0.047619047619047616,1980,2019
Donor pool,ECU,Ecuador,csh_i,42,40,2,0.047619047619047616,1980,2019
Donor pool,ECU,Ecuador,emp,42,40,2,0.047619047619047616,1980,2019
Donor pool,ECU,Ecuador,fdi,42,42,0,0,1980,2021
Donor pool,ECU,Ecuador,gdp_pc,42,40,2,0.047619047619047616,1980,2019
Donor pool,ECU,Ecuador,gdp_pc_current,42,40,2,0.047619047619047616,1980,2019
Donor pool,ECU,Ecuador,gdp_pc_wdi,42,32,10,0.23809523809523808,1990,2021
Donor pool,ECU,Ecuador,gdp_pc_wdi_alt,42,42,0,0,1980,2021
Donor pool,ECU,Ecuador,govt_share,42,40,2,0.047619047619047616,1980,2019
Donor pool,ECU,Ecuador,hc,42,40,2,0.047619047619047616,1980,2019
Donor pool,ECU,Ecuador,industry,42,42,0,0,1980,2021
Donor pool,ECU,Ecuador,inflation,42,42,0,0,1980,2021
Donor pool,ECU,Ecuador,invest_share,42,40,2,0.047619047619047616,1980,2019
Donor pool,ECU,Ecuador,iso2c,42,42,0,0,1980,2021
Donor pool,ECU,Ecuador,labour,42,40,2,0.047619047619047616,1980,2019
Donor pool,ECU,Ecuador,oda,42,0,42,1,NA,NA
Donor pool,ECU,Ecuador,polity2,42,39,3,0.07142857142857142,1980,2018
Donor pool,ECU,Ecuador,pop,42,40,2,0.047619047619047616,1980,2019
Donor pool,ECU,Ecuador,rgdpo,42,40,2,0.047619047619047616,1980,2019
Donor pool,GRD,Grenada,agriculture,42,42,0,0,1980,2021
Donor pool,GRD,Grenada,alt_inflation,42,42,0,0,1980,2021
Donor pool,GRD,Grenada,cgdpo,42,40,2,0.047619047619047616,1980,2019
Donor pool,GRD,Grenada,csh_g,42,40,2,0.047619047619047616,1980,2019
Donor pool,GRD,Grenada,csh_i,42,40,2,0.047619047619047616,1980,2019
Donor pool,GRD,Grenada,emp,42,32,10,0.23809523809523808,1988,2019
Donor pool,GRD,Grenada,fdi,42,42,0,0,1980,2021
Donor pool,GRD,Grenada,gdp_pc,42,40,2,0.047619047619047616,1980,2019
Donor pool,GRD,Grenada,gdp_pc_current,42,40,2,0.047619047619047616,1980,2019
Donor pool,GRD,Grenada,gdp_pc_wdi,42,32,10,0.23809523809523808,1990,2021
Donor pool,GRD,Grenada,gdp_pc_wdi_alt,42,42,0,0,1980,2021
Donor pool,GRD,Grenada,govt_share,42,40,2,0.047619047619047616,1980,2019
Donor pool,GRD,Grenada,hc,42,0,42,1,NA,NA
Donor pool,GRD,Grenada,industry,42,42,0,0,1980,2021
Donor pool,GRD,Grenada,inflation,42,42,0,0,1980,2021
Donor pool,GRD,Grenada,invest_share,42,40,2,0.047619047619047616,1980,2019
Donor pool,GRD,Grenada,iso2c,42,42,0,0,1980,2021
Donor pool,GRD,Grenada,labour,42,32,10,0.23809523809523808,1988,2019
Donor pool,GRD,Grenada,oda,42,0,42,1,NA,NA
Donor pool,GRD,Grenada,polity2,42,0,42,1,NA,NA
Donor pool,GRD,Grenada,pop,42,40,2,0.047619047619047616,1980,2019
Donor pool,GRD,Grenada,rgdpo,42,40,2,0.047619047619047616,1980,2019
Donor pool,KNA,St. Kitts and Nevis,agriculture,42,42,0,0,1980,2021
Donor pool,KNA,St. Kitts and Nevis,alt_inflation,42,42,0,0,1980,2021
Donor pool,KNA,St. Kitts and Nevis,cgdpo,42,40,2,0.047619047619047616,1980,2019
Donor pool,KNA,St. Kitts and Nevis,csh_g,42,40,2,0.047619047619047616,1980,2019
Donor pool,KNA,St. Kitts and Nevis,csh_i,42,40,2,0.047619047619047616,1980,2019
Donor pool,KNA,St. Kitts and Nevis,emp,42,22,20,0.47619047619047616,1980,2001
Donor pool,KNA,St. Kitts and Nevis,fdi,42,42,0,0,1980,2021
Donor pool,KNA,St. Kitts and Nevis,gdp_pc,42,40,2,0.047619047619047616,1980,2019
Donor pool,KNA,St. Kitts and Nevis,gdp_pc_current,42,40,2,0.047619047619047616,1980,2019
Donor pool,KNA,St. Kitts and Nevis,gdp_pc_wdi,42,32,10,0.23809523809523808,1990,2021
Donor pool,KNA,St. Kitts and Nevis,gdp_pc_wdi_alt,42,42,0,0,1980,2021
Donor pool,KNA,St. Kitts and Nevis,govt_share,42,40,2,0.047619047619047616,1980,2019
Donor pool,KNA,St. Kitts and Nevis,hc,42,0,42,1,NA,NA
Donor pool,KNA,St. Kitts and Nevis,industry,42,42,0,0,1980,2021
Donor pool,KNA,St. Kitts and Nevis,inflation,42,42,0,0,1980,2021
Donor pool,KNA,St. Kitts and Nevis,invest_share,42,40,2,0.047619047619047616,1980,2019
Donor pool,KNA,St. Kitts and Nevis,iso2c,42,42,0,0,1980,2021
Donor pool,KNA,St. Kitts and Nevis,labour,42,22,20,0.47619047619047616,1980,2001
Donor pool,KNA,St. Kitts and Nevis,oda,42,0,42,1,NA,NA
Donor pool,KNA,St. Kitts and Nevis,polity2,42,0,42,1,NA,NA
Donor pool,KNA,St. Kitts and Nevis,pop,42,40,2,0.047619047619047616,1980,2019
Donor pool,KNA,St. Kitts and Nevis,rgdpo,42,40,2,0.047619047619047616,1980,2019
Donor pool,LAO,Lao PDR,agriculture,42,33,9,0.21428571428571427,1989,2021
Donor pool,LAO,Lao PDR,alt_inflation,42,33,9,0.21428571428571427,1989,2021
Donor pool,LAO,Lao PDR,cgdpo,42,40,2,0.047619047619047616,1980,2019
Donor pool,LAO,Lao PDR,csh_g,42,40,2,0.047619047619047616,1980,2019
Donor pool,LAO,Lao PDR,csh_i,42,40,2,0.047619047619047616,1980,2019
Donor pool,LAO,Lao PDR,emp,42,40,2,0.047619047619047616,1980,2019
Donor pool,LAO,Lao PDR,fdi,42,38,4,0.09523809523809523,1984,2021
Donor pool,LAO,Lao PDR,gdp_pc,42,40,2,0.047619047619047616,1980,2019
Donor pool,LAO,Lao PDR,gdp_pc_current,42,40,2,0.047619047619047616,1980,2019
Donor pool,LAO,Lao PDR,gdp_pc_wdi,42,32,10,0.23809523809523808,1990,2021
Donor pool,LAO,Lao PDR,gdp_pc_wdi_alt,42,38,4,0.09523809523809523,1984,2021
Donor pool,LAO,Lao PDR,govt_share,42,40,2,0.047619047619047616,1980,2019
Donor pool,LAO,Lao PDR,hc,42,40,2,0.047619047619047616,1980,2019
Donor pool,LAO,Lao PDR,industry,42,33,9,0.21428571428571427,1989,2021
Donor pool,LAO,Lao PDR,inflation,42,37,5,0.11904761904761904,1985,2021
Donor pool,LAO,Lao PDR,invest_share,42,40,2,0.047619047619047616,1980,2019
Donor pool,LAO,Lao PDR,iso2c,42,42,0,0,1980,2021
Donor pool,LAO,Lao PDR,labour,42,40,2,0.047619047619047616,1980,2019
Donor pool,LAO,Lao PDR,oda,42,0,42,1,NA,NA
Donor pool,LAO,Lao PDR,polity2,42,39,3,0.07142857142857142,1980,2018
Donor pool,LAO,Lao PDR,pop,42,40,2,0.047619047619047616,1980,2019
Donor pool,LAO,Lao PDR,rgdpo,42,40,2,0.047619047619047616,1980,2019
Donor pool,LCA,St. Lucia,agriculture,42,16,26,0.6190476190476191,2006,2021
Donor pool,LCA,St. Lucia,alt_inflation,42,42,0,0,1980,2021
Donor pool,LCA,St. Lucia,cgdpo,42,40,2,0.047619047619047616,1980,2019
Donor pool,LCA,St. Lucia,csh_g,42,40,2,0.047619047619047616,1980,2019
Donor pool,LCA,St. Lucia,csh_i,42,40,2,0.047619047619047616,1980,2019
Donor pool,LCA,St. Lucia,emp,42,40,2,0.047619047619047616,1980,2019
Donor pool,LCA,St. Lucia,fdi,42,42,0,0,1980,2021
Donor pool,LCA,St. Lucia,gdp_pc,42,40,2,0.047619047619047616,1980,2019
Donor pool,LCA,St. Lucia,gdp_pc_current,42,40,2,0.047619047619047616,1980,2019
Donor pool,LCA,St. Lucia,gdp_pc_wdi,42,32,10,0.23809523809523808,1990,2021
Donor pool,LCA,St. Lucia,gdp_pc_wdi_alt,42,42,0,0,1980,2021
Donor pool,LCA,St. Lucia,govt_share,42,40,2,0.047619047619047616,1980,2019
Donor pool,LCA,St. Lucia,hc,42,0,42,1,NA,NA
Donor pool,LCA,St. Lucia,industry,42,16,26,0.6190476190476191,2006,2021
Donor pool,LCA,St. Lucia,inflation,42,41,1,0.023809523809523808,1981,2021
Donor pool,LCA,St. Lucia,invest_share,42,40,2,0.047619047619047616,1980,2019
Donor pool,LCA,St. Lucia,iso2c,42,42,0,0,1980,2021
Donor pool,LCA,St. Lucia,labour,42,40,2,0.047619047619047616,1980,2019
Donor pool,LCA,St. Lucia,oda,42,0,42,1,NA,NA
Donor pool,LCA,St. Lucia,polity2,42,0,42,1,NA,NA
Donor pool,LCA,St. Lucia,pop,42,40,2,0.047619047619047616,1980,2019
Donor pool,LCA,St. Lucia,rgdpo,42,40,2,0.047619047619047616,1980,2019
Donor pool,LSO,Lesotho,agriculture,42,42,0,0,1980,2021
Donor pool,LSO,Lesotho,alt_inflation,42,39,3,0.07142857142857142,1980,2021
Donor pool,LSO,Lesotho,cgdpo,42,40,2,0.047619047619047616,1980,2019
Donor pool,LSO,Lesotho,csh_g,42,40,2,0.047619047619047616,1980,2019
Donor pool,LSO,Lesotho,csh_i,42,40,2,0.047619047619047616,1980,2019
Donor pool,LSO,Lesotho,emp,42,40,2,0.047619047619047616,1980,2019
Donor pool,LSO,Lesotho,fdi,42,42,0,0,1980,2021
Donor pool,LSO,Lesotho,gdp_pc,42,40,2,0.047619047619047616,1980,2019
Donor pool,LSO,Lesotho,gdp_pc_current,42,40,2,0.047619047619047616,1980,2019
Donor pool,LSO,Lesotho,gdp_pc_wdi,42,32,10,0.23809523809523808,1990,2021
Donor pool,LSO,Lesotho,gdp_pc_wdi_alt,42,42,0,0,1980,2021
Donor pool,LSO,Lesotho,govt_share,42,40,2,0.047619047619047616,1980,2019
Donor pool,LSO,Lesotho,hc,42,40,2,0.047619047619047616,1980,2019
Donor pool,LSO,Lesotho,industry,42,42,0,0,1980,2021
Donor pool,LSO,Lesotho,inflation,42,42,0,0,1980,2021
Donor pool,LSO,Lesotho,invest_share,42,40,2,0.047619047619047616,1980,2019
Donor pool,LSO,Lesotho,iso2c,42,42,0,0,1980,2021
Donor pool,LSO,Lesotho,labour,42,40,2,0.047619047619047616,1980,2019
Donor pool,LSO,Lesotho,oda,42,32,10,0.23809523809523808,1980,2011
Donor pool,LSO,Lesotho,polity2,42,39,3,0.07142857142857142,1980,2018
Donor pool,LSO,Lesotho,pop,42,40,2,0.047619047619047616,1980,2019
Donor pool,LSO,Lesotho,rgdpo,42,40,2,0.047619047619047616,1980,2019
Donor pool,MAR,Morocco,agriculture,42,42,0,0,1980,2021
Donor pool,MAR,Morocco,alt_inflation,42,42,0,0,1980,2021
Donor pool,MAR,Morocco,cgdpo,42,40,2,0.047619047619047616,1980,2019
Donor pool,MAR,Morocco,csh_g,42,40,2,0.047619047619047616,1980,2019
Donor pool,MAR,Morocco,csh_i,42,40,2,0.047619047619047616,1980,2019
Donor pool,MAR,Morocco,emp,42,40,2,0.047619047619047616,1980,2019
Donor pool,MAR,Morocco,fdi,42,42,0,0,1980,2021
Donor pool,MAR,Morocco,gdp_pc,42,40,2,0.047619047619047616,1980,2019
Donor pool,MAR,Morocco,gdp_pc_current,42,40,2,0.047619047619047616,1980,2019
Donor pool,MAR,Morocco,gdp_pc_wdi,42,32,10,0.23809523809523808,1990,2021
Donor pool,MAR,Morocco,gdp_pc_wdi_alt,42,42,0,0,1980,2021
Donor pool,MAR,Morocco,govt_share,42,40,2,0.047619047619047616,1980,2019
Donor pool,MAR,Morocco,hc,42,40,2,0.047619047619047616,1980,2019
Donor pool,MAR,Morocco,industry,42,42,0,0,1980,2021
Donor pool,MAR,Morocco,inflation,42,42,0,0,1980,2021
Donor pool,MAR,Morocco,invest_share,42,40,2,0.047619047619047616,1980,2019
Donor pool,MAR,Morocco,iso2c,42,42,0,0,1980,2021
Donor pool,MAR,Morocco,labour,42,40,2,0.047619047619047616,1980,2019
Donor pool,MAR,Morocco,oda,42,32,10,0.23809523809523808,1980,2011
Donor pool,MAR,Morocco,polity2,42,39,3,0.07142857142857142,1980,2018
Donor pool,MAR,Morocco,pop,42,40,2,0.047619047619047616,1980,2019
Donor pool,MAR,Morocco,rgdpo,42,40,2,0.047619047619047616,1980,2019
Donor pool,MUS,Mauritius,agriculture,42,42,0,0,1980,2021
Donor pool,MUS,Mauritius,alt_inflation,42,42,0,0,1980,2021
Donor pool,MUS,Mauritius,cgdpo,42,40,2,0.047619047619047616,1980,2019
Donor pool,MUS,Mauritius,csh_g,42,40,2,0.047619047619047616,1980,2019
Donor pool,MUS,Mauritius,csh_i,42,40,2,0.047619047619047616,1980,2019
Donor pool,MUS,Mauritius,emp,42,40,2,0.047619047619047616,1980,2019
Donor pool,MUS,Mauritius,fdi,42,42,0,0,1980,2021
Donor pool,MUS,Mauritius,gdp_pc,42,40,2,0.047619047619047616,1980,2019
Donor pool,MUS,Mauritius,gdp_pc_current,42,40,2,0.047619047619047616,1980,2019
Donor pool,MUS,Mauritius,gdp_pc_wdi,42,32,10,0.23809523809523808,1990,2021
Donor pool,MUS,Mauritius,gdp_pc_wdi_alt,42,42,0,0,1980,2021
Donor pool,MUS,Mauritius,govt_share,42,40,2,0.047619047619047616,1980,2019
Donor pool,MUS,Mauritius,hc,42,40,2,0.047619047619047616,1980,2019
Donor pool,MUS,Mauritius,industry,42,42,0,0,1980,2021
Donor pool,MUS,Mauritius,inflation,42,42,0,0,1980,2021
Donor pool,MUS,Mauritius,invest_share,42,40,2,0.047619047619047616,1980,2019
Donor pool,MUS,Mauritius,iso2c,42,42,0,0,1980,2021
Donor pool,MUS,Mauritius,labour,42,40,2,0.047619047619047616,1980,2019
Donor pool,MUS,Mauritius,oda,42,32,10,0.23809523809523808,1980,2011
Donor pool,MUS,Mauritius,polity2,42,39,3,0.07142857142857142,1980,2018
Donor pool,MUS,Mauritius,pop,42,40,2,0.047619047619047616,1980,2019
Donor pool,MUS,Mauritius,rgdpo,42,40,2,0.047619047619047616,1980,2019
Donor pool,NAM,Namibia,agriculture,42,42,0,0,1980,2021
Donor pool,NAM,Namibia,alt_inflation,42,19,23,0.5476190476190477,2003,2021
Donor pool,NAM,Namibia,cgdpo,42,40,2,0.047619047619047616,1980,2019
Donor pool,NAM,Namibia,csh_g,42,40,2,0.047619047619047616,1980,2019
Donor pool,NAM,Namibia,csh_i,42,40,2,0.047619047619047616,1980,2019
Donor pool,NAM,Namibia,emp,42,40,2,0.047619047619047616,1980,2019
Donor pool,NAM,Namibia,fdi,42,37,5,0.11904761904761904,1985,2021
Donor pool,NAM,Namibia,gdp_pc,42,40,2,0.047619047619047616,1980,2019
Donor pool,NAM,Namibia,gdp_pc_current,42,40,2,0.047619047619047616,1980,2019
Donor pool,NAM,Namibia,gdp_pc_wdi,42,32,10,0.23809523809523808,1990,2021
Donor pool,NAM,Namibia,gdp_pc_wdi_alt,42,42,0,0,1980,2021
Donor pool,NAM,Namibia,govt_share,42,40,2,0.047619047619047616,1980,2019
Donor pool,NAM,Namibia,hc,42,40,2,0.047619047619047616,1980,2019
Donor pool,NAM,Namibia,industry,42,42,0,0,1980,2021
Donor pool,NAM,Namibia,inflation,42,41,1,0.023809523809523808,1981,2021
Donor pool,NAM,Namibia,invest_share,42,40,2,0.047619047619047616,1980,2019
Donor pool,NAM,Namibia,iso2c,42,42,0,0,1980,2021
Donor pool,NAM,Namibia,labour,42,40,2,0.047619047619047616,1980,2019
Donor pool,NAM,Namibia,oda,42,28,14,0.3333333333333333,1983,2011
Donor pool,NAM,Namibia,polity2,42,29,13,0.30952380952380953,1990,2018
Donor pool,NAM,Namibia,pop,42,40,2,0.047619047619047616,1980,2019
Donor pool,NAM,Namibia,rgdpo,42,40,2,0.047619047619047616,1980,2019
Donor pool,OMN,Oman,agriculture,42,42,0,0,1980,2021
Donor pool,OMN,Oman,alt_inflation,42,21,21,0.5,2001,2021
Donor pool,OMN,Oman,cgdpo,42,40,2,0.047619047619047616,1980,2019
Donor pool,OMN,Oman,csh_g,42,40,2,0.047619047619047616,1980,2019
Donor pool,OMN,Oman,csh_i,42,40,2,0.047619047619047616,1980,2019
Donor pool,OMN,Oman,emp,42,40,2,0.047619047619047616,1980,2019
Donor pool,OMN,Oman,fdi,42,42,0,0,1980,2021
Donor pool,OMN,Oman,gdp_pc,42,40,2,0.047619047619047616,1980,2019
Donor pool,OMN,Oman,gdp_pc_current,42,40,2,0.047619047619047616,1980,2019
Donor pool,OMN,Oman,gdp_pc_wdi,42,32,10,0.23809523809523808,1990,2021
Donor pool,OMN,Oman,gdp_pc_wdi_alt,42,42,0,0,1980,2021
Donor pool,OMN,Oman,govt_share,42,40,2,0.047619047619047616,1980,2019
Donor pool,OMN,Oman,hc,42,0,42,1,NA,NA
Donor pool,OMN,Oman,industry,42,42,0,0,1980,2021
Donor pool,OMN,Oman,inflation,42,42,0,0,1980,2021
Donor pool,OMN,Oman,invest_share,42,40,2,0.047619047619047616,1980,2019
Donor pool,OMN,Oman,iso2c,42,42,0,0,1980,2021
Donor pool,OMN,Oman,labour,42,40,2,0.047619047619047616,1980,2019
Donor pool,OMN,Oman,oda,42,0,42,1,NA,NA
Donor pool,OMN,Oman,polity2,42,39,3,0.07142857142857142,1980,2018
Donor pool,OMN,Oman,pop,42,40,2,0.047619047619047616,1980,2019
Donor pool,OMN,Oman,rgdpo,42,40,2,0.047619047619047616,1980,2019
Donor pool,PAN,Panama,agriculture,42,42,0,0,1980,2021
Donor pool,PAN,Panama,alt_inflation,42,42,0,0,1980,2021
Donor pool,PAN,Panama,cgdpo,42,40,2,0.047619047619047616,1980,2019
Donor pool,PAN,Panama,csh_g,42,40,2,0.047619047619047616,1980,2019
Donor pool,PAN,Panama,csh_i,42,40,2,0.047619047619047616,1980,2019
Donor pool,PAN,Panama,emp,42,40,2,0.047619047619047616,1980,2019
Donor pool,PAN,Panama,fdi,42,42,0,0,1980,2021
Donor pool,PAN,Panama,gdp_pc,42,40,2,0.047619047619047616,1980,2019
Donor pool,PAN,Panama,gdp_pc_current,42,40,2,0.047619047619047616,1980,2019
Donor pool,PAN,Panama,gdp_pc_wdi,42,32,10,0.23809523809523808,1990,2021
Donor pool,PAN,Panama,gdp_pc_wdi_alt,42,42,0,0,1980,2021
Donor pool,PAN,Panama,govt_share,42,40,2,0.047619047619047616,1980,2019
Donor pool,PAN,Panama,hc,42,40,2,0.047619047619047616,1980,2019
Donor pool,PAN,Panama,industry,42,42,0,0,1980,2021
Donor pool,PAN,Panama,inflation,42,42,0,0,1980,2021
Donor pool,PAN,Panama,invest_share,42,40,2,0.047619047619047616,1980,2019
Donor pool,PAN,Panama,iso2c,42,42,0,0,1980,2021
Donor pool,PAN,Panama,labour,42,40,2,0.047619047619047616,1980,2019
Donor pool,PAN,Panama,oda,42,0,42,1,NA,NA
Donor pool,PAN,Panama,polity2,42,39,3,0.07142857142857142,1980,2018
Donor pool,PAN,Panama,pop,42,40,2,0.047619047619047616,1980,2019
Donor pool,PAN,Panama,rgdpo,42,40,2,0.047619047619047616,1980,2019
Donor pool,SWZ,Eswatini,agriculture,42,42,0,0,1980,2021
Donor pool,SWZ,Swaziland,agriculture,33,0,33,1,NA,NA
Donor pool,SWZ,Eswatini,alt_inflation,42,40,2,0.047619047619047616,1980,2019
Donor pool,SWZ,Swaziland,alt_inflation,33,0,33,1,NA,NA
Donor pool,SWZ,Eswatini,cgdpo,42,40,2,0.047619047619047616,1980,2019
Donor pool,SWZ,Swaziland,cgdpo,33,33,0,0,1980,2012
Donor pool,SWZ,Eswatini,csh_g,42,40,2,0.047619047619047616,1980,2019
Donor pool,SWZ,Swaziland,csh_g,33,33,0,0,1980,2012
Donor pool,SWZ,Eswatini,csh_i,42,40,2,0.047619047619047616,1980,2019
Donor pool,SWZ,Swaziland,csh_i,33,33,0,0,1980,2012
Donor pool,SWZ,Eswatini,emp,42,40,2,0.047619047619047616,1980,2019
Donor pool,SWZ,Swaziland,emp,33,33,0,0,1980,2012
Donor pool,SWZ,Eswatini,fdi,42,42,0,0,1980,2021
Donor pool,SWZ,Swaziland,fdi,33,0,33,1,NA,NA
Donor pool,SWZ,Eswatini,gdp_pc,42,40,2,0.047619047619047616,1980,2019
Donor pool,SWZ,Swaziland,gdp_pc,33,33,0,0,1980,2012
Donor pool,SWZ,Eswatini,gdp_pc_current,42,40,2,0.047619047619047616,1980,2019
Donor pool,SWZ,Swaziland,gdp_pc_current,33,33,0,0,1980,2012
Donor pool,SWZ,Eswatini,gdp_pc_wdi,42,32,10,0.23809523809523808,1990,2021
Donor pool,SWZ,Swaziland,gdp_pc_wdi,33,0,33,1,NA,NA
Donor pool,SWZ,Eswatini,gdp_pc_wdi_alt,42,42,0,0,1980,2021
Donor pool,SWZ,Swaziland,gdp_pc_wdi_alt,33,0,33,1,NA,NA
Donor pool,SWZ,Eswatini,govt_share,42,40,2,0.047619047619047616,1980,2019
Donor pool,SWZ,Swaziland,govt_share,33,33,0,0,1980,2012
Donor pool,SWZ,Eswatini,hc,42,40,2,0.047619047619047616,1980,2019
Donor pool,SWZ,Swaziland,hc,33,33,0,0,1980,2012
Donor pool,SWZ,Eswatini,industry,42,42,0,0,1980,2021
Donor pool,SWZ,Swaziland,industry,33,0,33,1,NA,NA
Donor pool,SWZ,Eswatini,inflation,42,42,0,0,1980,2021
Donor pool,SWZ,Swaziland,inflation,33,0,33,1,NA,NA
Donor pool,SWZ,Eswatini,invest_share,42,40,2,0.047619047619047616,1980,2019
Donor pool,SWZ,Swaziland,invest_share,33,33,0,0,1980,2012
Donor pool,SWZ,Eswatini,iso2c,42,42,0,0,1980,2021
Donor pool,SWZ,Swaziland,iso2c,33,0,33,1,NA,NA
Donor pool,SWZ,Eswatini,labour,42,40,2,0.047619047619047616,1980,2019
Donor pool,SWZ,Swaziland,labour,33,33,0,0,1980,2012
Donor pool,SWZ,Eswatini,oda,42,0,42,1,NA,NA
Donor pool,SWZ,Swaziland,oda,33,32,1,0.030303030303030304,1980,2011
Donor pool,SWZ,Eswatini,polity2,42,39,3,0.07142857142857142,1980,2018
Donor pool,SWZ,Swaziland,polity2,33,33,0,0,1980,2012
Donor pool,SWZ,Eswatini,pop,42,40,2,0.047619047619047616,1980,2019
Donor pool,SWZ,Swaziland,pop,33,33,0,0,1980,2012
Donor pool,SWZ,Eswatini,rgdpo,42,40,2,0.047619047619047616,1980,2019
Donor pool,SWZ,Swaziland,rgdpo,33,33,0,0,1980,2012
Donor pool,SYC,Seychelles,agriculture,42,42,0,0,1980,2021
Donor pool,SYC,Seychelles,alt_inflation,42,42,0,0,1980,2021
Donor pool,SYC,Seychelles,cgdpo,42,40,2,0.047619047619047616,1980,2019
Donor pool,SYC,Seychelles,csh_g,42,40,2,0.047619047619047616,1980,2019
Donor pool,SYC,Seychelles,csh_i,42,40,2,0.047619047619047616,1980,2019
Donor pool,SYC,Seychelles,emp,42,28,14,0.3333333333333333,1992,2019
Donor pool,SYC,Seychelles,fdi,42,42,0,0,1980,2021
Donor pool,SYC,Seychelles,gdp_pc,42,40,2,0.047619047619047616,1980,2019
Donor pool,SYC,Seychelles,gdp_pc_current,42,40,2,0.047619047619047616,1980,2019
Donor pool,SYC,Seychelles,gdp_pc_wdi,42,32,10,0.23809523809523808,1990,2021
Donor pool,SYC,Seychelles,gdp_pc_wdi_alt,42,42,0,0,1980,2021
Donor pool,SYC,Seychelles,govt_share,42,40,2,0.047619047619047616,1980,2019
Donor pool,SYC,Seychelles,hc,42,0,42,1,NA,NA
Donor pool,SYC,Seychelles,industry,42,42,0,0,1980,2021
Donor pool,SYC,Seychelles,inflation,42,42,0,0,1980,2021
Donor pool,SYC,Seychelles,invest_share,42,40,2,0.047619047619047616,1980,2019
Donor pool,SYC,Seychelles,iso2c,42,42,0,0,1980,2021
Donor pool,SYC,Seychelles,labour,42,28,14,0.3333333333333333,1992,2019
Donor pool,SYC,Seychelles,oda,42,32,10,0.23809523809523808,1980,2011
Donor pool,SYC,Seychelles,polity2,42,0,42,1,NA,NA
Donor pool,SYC,Seychelles,pop,42,40,2,0.047619047619047616,1980,2019
Donor pool,SYC,Seychelles,rgdpo,42,40,2,0.047619047619047616,1980,2019
Non-CFA comparison,AGO,Angola,agriculture,42,20,22,0.5238095238095238,2002,2021
Non-CFA comparison,AGO,Angola,alt_inflation,42,31,11,0.2619047619047619,1991,2021
Non-CFA comparison,AGO,Angola,cgdpo,42,40,2,0.047619047619047616,1980,2019
Non-CFA comparison,AGO,Angola,csh_g,42,40,2,0.047619047619047616,1980,2019
Non-CFA comparison,AGO,Angola,csh_i,42,40,2,0.047619047619047616,1980,2019
Non-CFA comparison,AGO,Angola,emp,42,40,2,0.047619047619047616,1980,2019
Non-CFA comparison,AGO,Angola,fdi,42,42,0,0,1980,2021
Non-CFA comparison,AGO,Angola,gdp_pc,42,40,2,0.047619047619047616,1980,2019
Non-CFA comparison,AGO,Angola,gdp_pc_current,42,40,2,0.047619047619047616,1980,2019
Non-CFA comparison,AGO,Angola,gdp_pc_wdi,42,32,10,0.23809523809523808,1990,2021
Non-CFA comparison,AGO,Angola,gdp_pc_wdi_alt,42,42,0,0,1980,2021
Non-CFA comparison,AGO,Angola,govt_share,42,40,2,0.047619047619047616,1980,2019
Non-CFA comparison,AGO,Angola,hc,42,40,2,0.047619047619047616,1980,2019
Non-CFA comparison,AGO,Angola,industry,42,20,22,0.5238095238095238,2002,2021
Non-CFA comparison,AGO,Angola,inflation,42,41,1,0.023809523809523808,1981,2021
Non-CFA comparison,AGO,Angola,invest_share,42,40,2,0.047619047619047616,1980,2019
Non-CFA comparison,AGO,Angola,iso2c,42,42,0,0,1980,2021
Non-CFA comparison,AGO,Angola,labour,42,40,2,0.047619047619047616,1980,2019
Non-CFA comparison,AGO,Angola,oda,42,27,15,0.35714285714285715,1985,2011
Non-CFA comparison,AGO,Angola,polity2,42,39,3,0.07142857142857142,1980,2018
Non-CFA comparison,AGO,Angola,pop,42,40,2,0.047619047619047616,1980,2019
Non-CFA comparison,AGO,Angola,rgdpo,42,40,2,0.047619047619047616,1980,2019
Non-CFA comparison,BDI,Burundi,agriculture,42,42,0,0,1980,2021
Non-CFA comparison,BDI,Burundi,alt_inflation,42,42,0,0,1980,2021
Non-CFA comparison,BDI,Burundi,cgdpo,42,40,2,0.047619047619047616,1980,2019
Non-CFA comparison,BDI,Burundi,csh_g,42,40,2,0.047619047619047616,1980,2019
Non-CFA comparison,BDI,Burundi,csh_i,42,40,2,0.047619047619047616,1980,2019
Non-CFA comparison,BDI,Burundi,emp,42,40,2,0.047619047619047616,1980,2019
Non-CFA comparison,BDI,Burundi,fdi,42,37,5,0.11904761904761904,1980,2021
Non-CFA comparison,BDI,Burundi,gdp_pc,42,40,2,0.047619047619047616,1980,2019
Non-CFA comparison,BDI,Burundi,gdp_pc_current,42,40,2,0.047619047619047616,1980,2019
Non-CFA comparison,BDI,Burundi,gdp_pc_wdi,42,32,10,0.23809523809523808,1990,2021
Non-CFA comparison,BDI,Burundi,gdp_pc_wdi_alt,42,42,0,0,1980,2021
Non-CFA comparison,BDI,Burundi,govt_share,42,40,2,0.047619047619047616,1980,2019
Non-CFA comparison,BDI,Burundi,hc,42,40,2,0.047619047619047616,1980,2019
Non-CFA comparison,BDI,Burundi,industry,42,42,0,0,1980,2021
Non-CFA comparison,BDI,Burundi,inflation,42,42,0,0,1980,2021
Non-CFA comparison,BDI,Burundi,invest_share,42,40,2,0.047619047619047616,1980,2019
Non-CFA comparison,BDI,Burundi,iso2c,42,42,0,0,1980,2021
Non-CFA comparison,BDI,Burundi,labour,42,40,2,0.047619047619047616,1980,2019
Non-CFA comparison,BDI,Burundi,oda,42,32,10,0.23809523809523808,1980,2011
Non-CFA comparison,BDI,Burundi,polity2,42,39,3,0.07142857142857142,1980,2018
Non-CFA comparison,BDI,Burundi,pop,42,40,2,0.047619047619047616,1980,2019
Non-CFA comparison,BDI,Burundi,rgdpo,42,40,2,0.047619047619047616,1980,2019
Non-CFA comparison,COD,"Congo, Dem. Rep.",agriculture,42,28,14,0.3333333333333333,1994,2021
Non-CFA comparison,COD,"Congo, Dem. Rep.",alt_inflation,42,37,5,0.11904761904761904,1980,2016
Non-CFA comparison,COD,"Congo, Dem. Rep.",cgdpo,42,40,2,0.047619047619047616,1980,2019
Non-CFA comparison,COD,"Congo, Dem. Rep.",csh_g,42,40,2,0.047619047619047616,1980,2019
Non-CFA comparison,COD,"Congo, Dem. Rep.",csh_i,42,40,2,0.047619047619047616,1980,2019
Non-CFA comparison,COD,"Congo, Dem. Rep.",emp,42,40,2,0.047619047619047616,1980,2019
Non-CFA comparison,COD,"Congo, Dem. Rep.",fdi,42,42,0,0,1980,2021
Non-CFA comparison,COD,"Congo, Dem. Rep.",gdp_pc,42,40,2,0.047619047619047616,1980,2019
Non-CFA comparison,COD,"Congo, Dem. Rep.",gdp_pc_current,42,40,2,0.047619047619047616,1980,2019
Non-CFA comparison,COD,"Congo, Dem. Rep.",gdp_pc_wdi,42,32,10,0.23809523809523808,1990,2021
Non-CFA comparison,COD,"Congo, Dem. Rep.",gdp_pc_wdi_alt,42,42,0,0,1980,2021
Non-CFA comparison,COD,"Congo, Dem. Rep.",govt_share,42,40,2,0.047619047619047616,1980,2019
Non-CFA comparison,COD,"Congo, Dem. Rep.",hc,42,40,2,0.047619047619047616,1980,2019
Non-CFA comparison,COD,"Congo, Dem. Rep.",industry,42,28,14,0.3333333333333333,1994,2021
Non-CFA comparison,COD,"Congo, Dem. Rep.",inflation,42,42,0,0,1980,2021
Non-CFA comparison,COD,"Congo, Dem. Rep.",invest_share,42,40,2,0.047619047619047616,1980,2019
Non-CFA comparison,COD,"Congo, Dem. Rep.",iso2c,42,42,0,0,1980,2021
Non-CFA comparison,COD,"Congo, Dem. Rep.",labour,42,40,2,0.047619047619047616,1980,2019
Non-CFA comparison,COD,"Congo, Dem. Rep.",oda,42,32,10,0.23809523809523808,1980,2011
Non-CFA comparison,COD,"Congo, Dem. Rep.",polity2,42,39,3,0.07142857142857142,1980,2018
Non-CFA comparison,COD,"Congo, Dem. Rep.",pop,42,40,2,0.047619047619047616,1980,2019
Non-CFA comparison,COD,"Congo, Dem. Rep.",rgdpo,42,40,2,0.047619047619047616,1980,2019
Non-CFA comparison,ETH,Ethiopia,agriculture,43,42,1,0.023255813953488372,1981,2021
Non-CFA comparison,ETH,Ethiopia,alt_inflation,43,43,0,0,1980,2021
Non-CFA comparison,ETH,Ethiopia,cgdpo,43,41,2,0.046511627906976744,1980,2019
Non-CFA comparison,ETH,Ethiopia,csh_g,43,41,2,0.046511627906976744,1980,2019
Non-CFA comparison,ETH,Ethiopia,csh_i,43,41,2,0.046511627906976744,1980,2019
Non-CFA comparison,ETH,Ethiopia,emp,43,41,2,0.046511627906976744,1980,2019
Non-CFA comparison,ETH,Ethiopia,fdi,43,43,0,0,1980,2021
Non-CFA comparison,ETH,Ethiopia,gdp_pc,43,41,2,0.046511627906976744,1980,2019
Non-CFA comparison,ETH,Ethiopia,gdp_pc_current,43,41,2,0.046511627906976744,1980,2019
Non-CFA comparison,ETH,Ethiopia,gdp_pc_wdi,43,33,10,0.23255813953488372,1990,2021
Non-CFA comparison,ETH,Ethiopia,gdp_pc_wdi_alt,43,43,0,0,1980,2021
Non-CFA comparison,ETH,Ethiopia,govt_share,43,41,2,0.046511627906976744,1980,2019
Non-CFA comparison,ETH,Ethiopia,hc,43,41,2,0.046511627906976744,1980,2019
Non-CFA comparison,ETH,Ethiopia,industry,43,42,1,0.023255813953488372,1981,2021
Non-CFA comparison,ETH,Ethiopia,inflation,43,43,0,0,1980,2021
Non-CFA comparison,ETH,Ethiopia,invest_share,43,41,2,0.046511627906976744,1980,2019
Non-CFA comparison,ETH,Ethiopia,iso2c,43,43,0,0,1980,2021
Non-CFA comparison,ETH,Ethiopia,labour,43,41,2,0.046511627906976744,1980,2019
Non-CFA comparison,ETH,Ethiopia,oda,43,32,11,0.2558139534883721,1981,2011
Non-CFA comparison,ETH,Ethiopia,polity2,43,40,3,0.06976744186046512,1980,2018
Non-CFA comparison,ETH,Ethiopia,pop,43,41,2,0.046511627906976744,1980,2019
Non-CFA comparison,ETH,Ethiopia,rgdpo,43,41,2,0.046511627906976744,1980,2019
Non-CFA comparison,GHA,Ghana,agriculture,42,42,0,0,1980,2021
Non-CFA comparison,GHA,Ghana,alt_inflation,42,42,0,0,1980,2021
Non-CFA comparison,GHA,Ghana,cgdpo,42,40,2,0.047619047619047616,1980,2019
Non-CFA comparison,GHA,Ghana,csh_g,42,40,2,0.047619047619047616,1980,2019
Non-CFA comparison,GHA,Ghana,csh_i,42,40,2,0.047619047619047616,1980,2019
Non-CFA comparison,GHA,Ghana,emp,42,40,2,0.047619047619047616,1980,2019
Non-CFA comparison,GHA,Ghana,fdi,42,42,0,0,1980,2021
Non-CFA comparison,GHA,Ghana,gdp_pc,42,40,2,0.047619047619047616,1980,2019
Non-CFA comparison,GHA,Ghana,gdp_pc_current,42,40,2,0.047619047619047616,1980,2019
Non-CFA comparison,GHA,Ghana,gdp_pc_wdi,42,32,10,0.23809523809523808,1990,2021
Non-CFA comparison,GHA,Ghana,gdp_pc_wdi_alt,42,42,0,0,1980,2021
Non-CFA comparison,GHA,Ghana,govt_share,42,40,2,0.047619047619047616,1980,2019
Non-CFA comparison,GHA,Ghana,hc,42,40,2,0.047619047619047616,1980,2019
Non-CFA comparison,GHA,Ghana,industry,42,42,0,0,1980,2021
Non-CFA comparison,GHA,Ghana,inflation,42,42,0,0,1980,2021
Non-CFA comparison,GHA,Ghana,invest_share,42,40,2,0.047619047619047616,1980,2019
Non-CFA comparison,GHA,Ghana,iso2c,42,42,0,0,1980,2021
Non-CFA comparison,GHA,Ghana,labour,42,40,2,0.047619047619047616,1980,2019
Non-CFA comparison,GHA,Ghana,oda,42,32,10,0.23809523809523808,1980,2011
Non-CFA comparison,GHA,Ghana,polity2,42,39,3,0.07142857142857142,1980,2018
Non-CFA comparison,GHA,Ghana,pop,42,40,2,0.047619047619047616,1980,2019
Non-CFA comparison,GHA,Ghana,rgdpo,42,40,2,0.047619047619047616,1980,2019
Non-CFA comparison,GIN,Guinea,agriculture,42,36,6,0.14285714285714285,1986,2021
Non-CFA comparison,GIN,Guinea,alt_inflation,42,17,25,0.5952380952380952,2005,2021
Non-CFA comparison,GIN,Guinea,cgdpo,42,40,2,0.047619047619047616,1980,2019
Non-CFA comparison,GIN,Guinea,csh_g,42,40,2,0.047619047619047616,1980,2019
Non-CFA comparison,GIN,Guinea,csh_i,42,40,2,0.047619047619047616,1980,2019
Non-CFA comparison,GIN,Guinea,emp,42,40,2,0.047619047619047616,1980,2019
Non-CFA comparison,GIN,Guinea,fdi,42,41,1,0.023809523809523808,1980,2021
Non-CFA comparison,GIN,Guinea,gdp_pc,42,40,2,0.047619047619047616,1980,2019
Non-CFA comparison,GIN,Guinea,gdp_pc_current,42,40,2,0.047619047619047616,1980,2019
Non-CFA comparison,GIN,Guinea,gdp_pc_wdi,42,32,10,0.23809523809523808,1990,2021
Non-CFA comparison,GIN,Guinea,gdp_pc_wdi_alt,42,42,0,0,1980,2021
Non-CFA comparison,GIN,Guinea,govt_share,42,40,2,0.047619047619047616,1980,2019
Non-CFA comparison,GIN,Guinea,hc,42,0,42,1,NA,NA
Non-CFA comparison,GIN,Guinea,industry,42,36,6,0.14285714285714285,1986,2021
Non-CFA comparison,GIN,Guinea,inflation,42,42,0,0,1980,2021
Non-CFA comparison,GIN,Guinea,invest_share,42,40,2,0.047619047619047616,1980,2019
Non-CFA comparison,GIN,Guinea,iso2c,42,42,0,0,1980,2021
Non-CFA comparison,GIN,Guinea,labour,42,40,2,0.047619047619047616,1980,2019
Non-CFA comparison,GIN,Guinea,oda,42,26,16,0.38095238095238093,1986,2011
Non-CFA comparison,GIN,Guinea,polity2,42,39,3,0.07142857142857142,1980,2018
Non-CFA comparison,GIN,Guinea,pop,42,40,2,0.047619047619047616,1980,2019
Non-CFA comparison,GIN,Guinea,rgdpo,42,40,2,0.047619047619047616,1980,2019
Non-CFA comparison,GMB,"Gambia, The",agriculture,42,42,0,0,1980,2021
Non-CFA comparison,GMB,"Gambia, The",alt_inflation,42,42,0,0,1980,2021
Non-CFA comparison,GMB,"Gambia, The",cgdpo,42,40,2,0.047619047619047616,1980,2019
Non-CFA comparison,GMB,"Gambia, The",csh_g,42,40,2,0.047619047619047616,1980,2019
Non-CFA comparison,GMB,"Gambia, The",csh_i,42,40,2,0.047619047619047616,1980,2019
Non-CFA comparison,GMB,"Gambia, The",emp,42,40,2,0.047619047619047616,1980,2019
Non-CFA comparison,GMB,"Gambia, The",fdi,42,42,0,0,1980,2021
Non-CFA comparison,GMB,"Gambia, The",gdp_pc,42,40,2,0.047619047619047616,1980,2019
Non-CFA comparison,GMB,"Gambia, The",gdp_pc_current,42,40,2,0.047619047619047616,1980,2019
Non-CFA comparison,GMB,"Gambia, The",gdp_pc_wdi,42,32,10,0.23809523809523808,1990,2021
Non-CFA comparison,GMB,"Gambia, The",gdp_pc_wdi_alt,42,42,0,0,1980,2021
Non-CFA comparison,GMB,"Gambia, The",govt_share,42,40,2,0.047619047619047616,1980,2019
Non-CFA comparison,GMB,"Gambia, The",hc,42,40,2,0.047619047619047616,1980,2019
Non-CFA comparison,GMB,"Gambia, The",industry,42,42,0,0,1980,2021
Non-CFA comparison,GMB,"Gambia, The",inflation,42,42,0,0,1980,2021
Non-CFA comparison,GMB,"Gambia, The",invest_share,42,40,2,0.047619047619047616,1980,2019
Non-CFA comparison,GMB,"Gambia, The",iso2c,42,42,0,0,1980,2021
Non-CFA comparison,GMB,"Gambia, The",labour,42,40,2,0.047619047619047616,1980,2019
Non-CFA comparison,GMB,"Gambia, The",oda,42,32,10,0.23809523809523808,1980,2011
Non-CFA comparison,GMB,"Gambia, The",polity2,42,39,3,0.07142857142857142,1980,2018
Non-CFA comparison,GMB,"Gambia, The",pop,42,40,2,0.047619047619047616,1980,2019
Non-CFA comparison,GMB,"Gambia, The",rgdpo,42,40,2,0.047619047619047616,1980,2019
Non-CFA comparison,KEN,Kenya,agriculture,42,42,0,0,1980,2021
Non-CFA comparison,KEN,Kenya,alt_inflation,42,42,0,0,1980,2021
Non-CFA comparison,KEN,Kenya,cgdpo,42,40,2,0.047619047619047616,1980,2019
Non-CFA comparison,KEN,Kenya,csh_g,42,40,2,0.047619047619047616,1980,2019
Non-CFA comparison,KEN,Kenya,csh_i,42,40,2,0.047619047619047616,1980,2019
Non-CFA comparison,KEN,Kenya,emp,42,40,2,0.047619047619047616,1980,2019
Non-CFA comparison,KEN,Kenya,fdi,42,42,0,0,1980,2021
Non-CFA comparison,KEN,Kenya,gdp_pc,42,40,2,0.047619047619047616,1980,2019
Non-CFA comparison,KEN,Kenya,gdp_pc_current,42,40,2,0.047619047619047616,1980,2019
Non-CFA comparison,KEN,Kenya,gdp_pc_wdi,42,32,10,0.23809523809523808,1990,2021
Non-CFA comparison,KEN,Kenya,gdp_pc_wdi_alt,42,42,0,0,1980,2021
Non-CFA comparison,KEN,Kenya,govt_share,42,40,2,0.047619047619047616,1980,2019
Non-CFA comparison,KEN,Kenya,hc,42,40,2,0.047619047619047616,1980,2019
Non-CFA comparison,KEN,Kenya,industry,42,42,0,0,1980,2021
Non-CFA comparison,KEN,Kenya,inflation,42,42,0,0,1980,2021
Non-CFA comparison,KEN,Kenya,invest_share,42,40,2,0.047619047619047616,1980,2019
Non-CFA comparison,KEN,Kenya,iso2c,42,42,0,0,1980,2021
Non-CFA comparison,KEN,Kenya,labour,42,40,2,0.047619047619047616,1980,2019
Non-CFA comparison,KEN,Kenya,oda,42,32,10,0.23809523809523808,1980,2011
Non-CFA comparison,KEN,Kenya,polity2,42,39,3,0.07142857142857142,1980,2018
Non-CFA comparison,KEN,Kenya,pop,42,40,2,0.047619047619047616,1980,2019
Non-CFA comparison,KEN,Kenya,rgdpo,42,40,2,0.047619047619047616,1980,2019
Non-CFA comparison,MDG,Madagascar,agriculture,42,27,15,0.35714285714285715,1995,2021
Non-CFA comparison,MDG,Madagascar,alt_inflation,42,42,0,0,1980,2021
Non-CFA comparison,MDG,Madagascar,cgdpo,42,40,2,0.047619047619047616,1980,2019
Non-CFA comparison,MDG,Madagascar,csh_g,42,40,2,0.047619047619047616,1980,2019
Non-CFA comparison,MDG,Madagascar,csh_i,42,40,2,0.047619047619047616,1980,2019
Non-CFA comparison,MDG,Madagascar,emp,42,40,2,0.047619047619047616,1980,2019
Non-CFA comparison,MDG,Madagascar,fdi,42,42,0,0,1980,2021
Non-CFA comparison,MDG,Madagascar,gdp_pc,42,40,2,0.047619047619047616,1980,2019
Non-CFA comparison,MDG,Madagascar,gdp_pc_current,42,40,2,0.047619047619047616,1980,2019
Non-CFA comparison,MDG,Madagascar,gdp_pc_wdi,42,32,10,0.23809523809523808,1990,2021
Non-CFA comparison,MDG,Madagascar,gdp_pc_wdi_alt,42,42,0,0,1980,2021
Non-CFA comparison,MDG,Madagascar,govt_share,42,40,2,0.047619047619047616,1980,2019
Non-CFA comparison,MDG,Madagascar,hc,42,40,2,0.047619047619047616,1980,2019
Non-CFA comparison,MDG,Madagascar,industry,42,15,27,0.6428571428571429,2007,2021
Non-CFA comparison,MDG,Madagascar,inflation,42,42,0,0,1980,2021
Non-CFA comparison,MDG,Madagascar,invest_share,42,40,2,0.047619047619047616,1980,2019
Non-CFA comparison,MDG,Madagascar,iso2c,42,42,0,0,1980,2021
Non-CFA comparison,MDG,Madagascar,labour,42,40,2,0.047619047619047616,1980,2019
Non-CFA comparison,MDG,Madagascar,oda,42,32,10,0.23809523809523808,1980,2011
Non-CFA comparison,MDG,Madagascar,polity2,42,39,3,0.07142857142857142,1980,2018
Non-CFA comparison,MDG,Madagascar,pop,42,40,2,0.047619047619047616,1980,2019
Non-CFA comparison,MDG,Madagascar,rgdpo,42,40,2,0.047619047619047616,1980,2019
Non-CFA comparison,MWI,Malawi,agriculture,42,42,0,0,1980,2021
Non-CFA comparison,MWI,Malawi,alt_inflation,42,41,1,0.023809523809523808,1981,2021
Non-CFA comparison,MWI,Malawi,cgdpo,42,40,2,0.047619047619047616,1980,2019
Non-CFA comparison,MWI,Malawi,csh_g,42,40,2,0.047619047619047616,1980,2019
Non-CFA comparison,MWI,Malawi,csh_i,42,40,2,0.047619047619047616,1980,2019
Non-CFA comparison,MWI,Malawi,emp,42,40,2,0.047619047619047616,1980,2019
Non-CFA comparison,MWI,Malawi,fdi,42,42,0,0,1980,2021
Non-CFA comparison,MWI,Malawi,gdp_pc,42,40,2,0.047619047619047616,1980,2019
Non-CFA comparison,MWI,Malawi,gdp_pc_current,42,40,2,0.047619047619047616,1980,2019
Non-CFA comparison,MWI,Malawi,gdp_pc_wdi,42,32,10,0.23809523809523808,1990,2021
Non-CFA comparison,MWI,Malawi,gdp_pc_wdi_alt,42,42,0,0,1980,2021
Non-CFA comparison,MWI,Malawi,govt_share,42,40,2,0.047619047619047616,1980,2019
Non-CFA comparison,MWI,Malawi,hc,42,40,2,0.047619047619047616,1980,2019
Non-CFA comparison,MWI,Malawi,industry,42,42,0,0,1980,2021
Non-CFA comparison,MWI,Malawi,inflation,42,41,1,0.023809523809523808,1981,2021
Non-CFA comparison,MWI,Malawi,invest_share,42,40,2,0.047619047619047616,1980,2019
Non-CFA comparison,MWI,Malawi,iso2c,42,42,0,0,1980,2021
Non-CFA comparison,MWI,Malawi,labour,42,40,2,0.047619047619047616,1980,2019
Non-CFA comparison,MWI,Malawi,oda,42,32,10,0.23809523809523808,1980,2011
Non-CFA comparison,MWI,Malawi,polity2,42,39,3,0.07142857142857142,1980,2018
Non-CFA comparison,MWI,Malawi,pop,42,40,2,0.047619047619047616,1980,2019
Non-CFA comparison,MWI,Malawi,rgdpo,42,40,2,0.047619047619047616,1980,2019
Non-CFA comparison,NGA,Nigeria,agriculture,42,41,1,0.023809523809523808,1981,2021
Non-CFA comparison,NGA,Nigeria,alt_inflation,42,42,0,0,1980,2021
Non-CFA comparison,NGA,Nigeria,cgdpo,42,40,2,0.047619047619047616,1980,2019
Non-CFA comparison,NGA,Nigeria,csh_g,42,40,2,0.047619047619047616,1980,2019
Non-CFA comparison,NGA,Nigeria,csh_i,42,40,2,0.047619047619047616,1980,2019
Non-CFA comparison,NGA,Nigeria,emp,42,40,2,0.047619047619047616,1980,2019
Non-CFA comparison,NGA,Nigeria,fdi,42,42,0,0,1980,2021
Non-CFA comparison,NGA,Nigeria,gdp_pc,42,40,2,0.047619047619047616,1980,2019
Non-CFA comparison,NGA,Nigeria,gdp_pc_current,42,40,2,0.047619047619047616,1980,2019
Non-CFA comparison,NGA,Nigeria,gdp_pc_wdi,42,32,10,0.23809523809523808,1990,2021
Non-CFA comparison,NGA,Nigeria,gdp_pc_wdi_alt,42,42,0,0,1980,2021
Non-CFA comparison,NGA,Nigeria,govt_share,42,40,2,0.047619047619047616,1980,2019
Non-CFA comparison,NGA,Nigeria,hc,42,40,2,0.047619047619047616,1980,2019
Non-CFA comparison,NGA,Nigeria,industry,42,41,1,0.023809523809523808,1981,2021
Non-CFA comparison,NGA,Nigeria,inflation,42,42,0,0,1980,2021
Non-CFA comparison,NGA,Nigeria,invest_share,42,40,2,0.047619047619047616,1980,2019
Non-CFA comparison,NGA,Nigeria,iso2c,42,42,0,0,1980,2021
Non-CFA comparison,NGA,Nigeria,labour,42,40,2,0.047619047619047616,1980,2019
Non-CFA comparison,NGA,Nigeria,oda,42,32,10,0.23809523809523808,1980,2011
Non-CFA comparison,NGA,Nigeria,polity2,42,39,3,0.07142857142857142,1980,2018
Non-CFA comparison,NGA,Nigeria,pop,42,40,2,0.047619047619047616,1980,2019
Non-CFA comparison,NGA,Nigeria,rgdpo,42,40,2,0.047619047619047616,1980,2019
Non-CFA comparison,SDN,Sudan,agriculture,43,43,0,0,1980,2021
Non-CFA comparison,SDN,Sudan,alt_inflation,43,43,0,0,1980,2021
Non-CFA comparison,SDN,Sudan,cgdpo,43,41,2,0.046511627906976744,1980,2019
Non-CFA comparison,SDN,Sudan,csh_g,43,41,2,0.046511627906976744,1980,2019
Non-CFA comparison,SDN,Sudan,csh_i,43,41,2,0.046511627906976744,1980,2019
Non-CFA comparison,SDN,Sudan,emp,43,41,2,0.046511627906976744,1980,2019
Non-CFA comparison,SDN,Sudan,fdi,43,43,0,0,1980,2021
Non-CFA comparison,SDN,Sudan,gdp_pc,43,41,2,0.046511627906976744,1980,2019
Non-CFA comparison,SDN,Sudan,gdp_pc_current,43,41,2,0.046511627906976744,1980,2019
Non-CFA comparison,SDN,Sudan,gdp_pc_wdi,43,33,10,0.23255813953488372,1990,2021
Non-CFA comparison,SDN,Sudan,gdp_pc_wdi_alt,43,43,0,0,1980,2021
Non-CFA comparison,SDN,Sudan,govt_share,43,41,2,0.046511627906976744,1980,2019
Non-CFA comparison,SDN,Sudan,hc,43,41,2,0.046511627906976744,1980,2019
Non-CFA comparison,SDN,Sudan,industry,43,41,2,0.046511627906976744,1982,2021
Non-CFA comparison,SDN,Sudan,inflation,43,43,0,0,1980,2021
Non-CFA comparison,SDN,Sudan,invest_share,43,41,2,0.046511627906976744,1980,2019
Non-CFA comparison,SDN,Sudan,iso2c,43,43,0,0,1980,2021
Non-CFA comparison,SDN,Sudan,labour,43,41,2,0.046511627906976744,1980,2019
Non-CFA comparison,SDN,Sudan,oda,43,33,10,0.23255813953488372,1980,2011
Non-CFA comparison,SDN,Sudan,polity2,43,40,3,0.06976744186046512,1980,2018
Non-CFA comparison,SDN,Sudan,pop,43,41,2,0.046511627906976744,1980,2019
Non-CFA comparison,SDN,Sudan,rgdpo,43,41,2,0.046511627906976744,1980,2019
Non-CFA comparison,SLE,Sierra Leone,agriculture,42,42,0,0,1980,2021
Non-CFA comparison,SLE,Sierra Leone,alt_inflation,42,15,27,0.6428571428571429,2007,2021
Non-CFA comparison,SLE,Sierra Leone,cgdpo,42,40,2,0.047619047619047616,1980,2019
Non-CFA comparison,SLE,Sierra Leone,csh_g,42,40,2,0.047619047619047616,1980,2019
Non-CFA comparison,SLE,Sierra Leone,csh_i,42,40,2,0.047619047619047616,1980,2019
Non-CFA comparison,SLE,Sierra Leone,emp,42,40,2,0.047619047619047616,1980,2019
Non-CFA comparison,SLE,Sierra Leone,fdi,42,42,0,0,1980,2021
Non-CFA comparison,SLE,Sierra Leone,gdp_pc,42,40,2,0.047619047619047616,1980,2019
Non-CFA comparison,SLE,Sierra Leone,gdp_pc_current,42,40,2,0.047619047619047616,1980,2019
Non-CFA comparison,SLE,Sierra Leone,gdp_pc_wdi,42,32,10,0.23809523809523808,1990,2021
Non-CFA comparison,SLE,Sierra Leone,gdp_pc_wdi_alt,42,42,0,0,1980,2021
Non-CFA comparison,SLE,Sierra Leone,govt_share,42,40,2,0.047619047619047616,1980,2019
Non-CFA comparison,SLE,Sierra Leone,hc,42,40,2,0.047619047619047616,1980,2019
Non-CFA comparison,SLE,Sierra Leone,industry,42,42,0,0,1980,2021
Non-CFA comparison,SLE,Sierra Leone,inflation,42,42,0,0,1980,2021
Non-CFA comparison,SLE,Sierra Leone,invest_share,42,40,2,0.047619047619047616,1980,2019
Non-CFA comparison,SLE,Sierra Leone,iso2c,42,42,0,0,1980,2021
Non-CFA comparison,SLE,Sierra Leone,labour,42,40,2,0.047619047619047616,1980,2019
Non-CFA comparison,SLE,Sierra Leone,oda,42,32,10,0.23809523809523808,1980,2011
Non-CFA comparison,SLE,Sierra Leone,polity2,42,39,3,0.07142857142857142,1980,2018
Non-CFA comparison,SLE,Sierra Leone,pop,42,40,2,0.047619047619047616,1980,2019
Non-CFA comparison,SLE,Sierra Leone,rgdpo,42,40,2,0.047619047619047616,1980,2019
Non-CFA comparison,STP,Sao Tome and Principe,agriculture,42,14,28,0.6666666666666666,2008,2021
Non-CFA comparison,STP,Sao Tome and Principe,alt_inflation,42,25,17,0.40476190476190477,1997,2021
Non-CFA comparison,STP,Sao Tome and Principe,cgdpo,42,40,2,0.047619047619047616,1980,2019
Non-CFA comparison,STP,Sao Tome and Principe,csh_g,42,40,2,0.047619047619047616,1980,2019
Non-CFA comparison,STP,Sao Tome and Principe,csh_i,42,40,2,0.047619047619047616,1980,2019
Non-CFA comparison,STP,Sao Tome and Principe,emp,42,40,2,0.047619047619047616,1980,2019
Non-CFA comparison,STP,Sao Tome and Principe,fdi,42,38,4,0.09523809523809523,1980,2021
Non-CFA comparison,STP,Sao Tome and Principe,gdp_pc,42,40,2,0.047619047619047616,1980,2019
Non-CFA comparison,STP,Sao Tome and Principe,gdp_pc_current,42,40,2,0.047619047619047616,1980,2019
Non-CFA comparison,STP,Sao Tome and Principe,gdp_pc_wdi,42,32,10,0.23809523809523808,1990,2021
Non-CFA comparison,STP,Sao Tome and Principe,gdp_pc_wdi_alt,42,42,0,0,1980,2021
Non-CFA comparison,STP,Sao Tome and Principe,govt_share,42,40,2,0.047619047619047616,1980,2019
Non-CFA comparison,STP,Sao Tome and Principe,hc,42,0,42,1,NA,NA
Non-CFA comparison,STP,Sao Tome and Principe,industry,42,14,28,0.6666666666666666,2008,2021
Non-CFA comparison,STP,Sao Tome and Principe,inflation,42,42,0,0,1980,2021
Non-CFA comparison,STP,Sao Tome and Principe,invest_share,42,40,2,0.047619047619047616,1980,2019
Non-CFA comparison,STP,Sao Tome and Principe,iso2c,42,42,0,0,1980,2021
Non-CFA comparison,STP,Sao Tome and Principe,labour,42,40,2,0.047619047619047616,1980,2019
Non-CFA comparison,STP,Sao Tome and Principe,oda,42,12,30,0.7142857142857143,2000,2011
Non-CFA comparison,STP,Sao Tome and Principe,polity2,42,0,42,1,NA,NA
Non-CFA comparison,STP,Sao Tome and Principe,pop,42,40,2,0.047619047619047616,1980,2019
Non-CFA comparison,STP,Sao Tome and Principe,rgdpo,42,40,2,0.047619047619047616,1980,2019
Non-CFA comparison,TZA,Tanzania,agriculture,42,32,10,0.23809523809523808,1990,2021
Non-CFA comparison,TZA,Tanzania,alt_inflation,42,42,0,0,1980,2021
Non-CFA comparison,TZA,Tanzania,cgdpo,42,40,2,0.047619047619047616,1980,2019
Non-CFA comparison,TZA,Tanzania,csh_g,42,40,2,0.047619047619047616,1980,2019
Non-CFA comparison,TZA,Tanzania,csh_i,42,40,2,0.047619047619047616,1980,2019
Non-CFA comparison,TZA,Tanzania,emp,42,40,2,0.047619047619047616,1980,2019
Non-CFA comparison,TZA,Tanzania,fdi,42,42,0,0,1980,2021
Non-CFA comparison,TZA,Tanzania,gdp_pc,42,40,2,0.047619047619047616,1980,2019
Non-CFA comparison,TZA,Tanzania,gdp_pc_current,42,40,2,0.047619047619047616,1980,2019
Non-CFA comparison,TZA,Tanzania,gdp_pc_wdi,42,32,10,0.23809523809523808,1990,2021
Non-CFA comparison,TZA,Tanzania,gdp_pc_wdi_alt,42,42,0,0,1980,2021
Non-CFA comparison,TZA,Tanzania,govt_share,42,40,2,0.047619047619047616,1980,2019
Non-CFA comparison,TZA,Tanzania,hc,42,40,2,0.047619047619047616,1980,2019
Non-CFA comparison,TZA,Tanzania,industry,42,32,10,0.23809523809523808,1990,2021
Non-CFA comparison,TZA,Tanzania,inflation,42,42,0,0,1980,2021
Non-CFA comparison,TZA,Tanzania,invest_share,42,40,2,0.047619047619047616,1980,2019
Non-CFA comparison,TZA,Tanzania,iso2c,42,42,0,0,1980,2021
Non-CFA comparison,TZA,Tanzania,labour,42,40,2,0.047619047619047616,1980,2019
Non-CFA comparison,TZA,Tanzania,oda,42,24,18,0.42857142857142855,1988,2011
Non-CFA comparison,TZA,Tanzania,polity2,42,39,3,0.07142857142857142,1980,2018
Non-CFA comparison,TZA,Tanzania,pop,42,40,2,0.047619047619047616,1980,2019
Non-CFA comparison,TZA,Tanzania,rgdpo,42,40,2,0.047619047619047616,1980,2019
Non-CFA comparison,UGA,Uganda,agriculture,42,42,0,0,1980,2021
Non-CFA comparison,UGA,Uganda,alt_inflation,42,28,14,0.3333333333333333,1994,2021
Non-CFA comparison,UGA,Uganda,cgdpo,42,40,2,0.047619047619047616,1980,2019
Non-CFA comparison,UGA,Uganda,csh_g,42,40,2,0.047619047619047616,1980,2019
Non-CFA comparison,UGA,Uganda,csh_i,42,40,2,0.047619047619047616,1980,2019
Non-CFA comparison,UGA,Uganda,emp,42,40,2,0.047619047619047616,1980,2019
Non-CFA comparison,UGA,Uganda,fdi,42,42,0,0,1980,2021
Non-CFA comparison,UGA,Uganda,gdp_pc,42,40,2,0.047619047619047616,1980,2019
Non-CFA comparison,UGA,Uganda,gdp_pc_current,42,40,2,0.047619047619047616,1980,2019
Non-CFA comparison,UGA,Uganda,gdp_pc_wdi,42,32,10,0.23809523809523808,1990,2021
Non-CFA comparison,UGA,Uganda,gdp_pc_wdi_alt,42,42,0,0,1980,2021
Non-CFA comparison,UGA,Uganda,govt_share,42,40,2,0.047619047619047616,1980,2019
Non-CFA comparison,UGA,Uganda,hc,42,40,2,0.047619047619047616,1980,2019
Non-CFA comparison,UGA,Uganda,industry,42,42,0,0,1980,2021
Non-CFA comparison,UGA,Uganda,inflation,42,39,3,0.07142857142857142,1983,2021
Non-CFA comparison,UGA,Uganda,invest_share,42,40,2,0.047619047619047616,1980,2019
Non-CFA comparison,UGA,Uganda,iso2c,42,42,0,0,1980,2021
Non-CFA comparison,UGA,Uganda,labour,42,40,2,0.047619047619047616,1980,2019
Non-CFA comparison,UGA,Uganda,oda,42,32,10,0.23809523809523808,1980,2011
Non-CFA comparison,UGA,Uganda,polity2,42,39,3,0.07142857142857142,1980,2018
Non-CFA comparison,UGA,Uganda,pop,42,40,2,0.047619047619047616,1980,2019
Non-CFA comparison,UGA,Uganda,rgdpo,42,40,2,0.047619047619047616,1980,2019
Non-CFA comparison,ZMB,Zambia,agriculture,42,42,0,0,1980,2021
Non-CFA comparison,ZMB,Zambia,alt_inflation,42,36,6,0.14285714285714285,1986,2021
Non-CFA comparison,ZMB,Zambia,cgdpo,42,40,2,0.047619047619047616,1980,2019
Non-CFA comparison,ZMB,Zambia,csh_g,42,40,2,0.047619047619047616,1980,2019
Non-CFA comparison,ZMB,Zambia,csh_i,42,40,2,0.047619047619047616,1980,2019
Non-CFA comparison,ZMB,Zambia,emp,42,40,2,0.047619047619047616,1980,2019
Non-CFA comparison,ZMB,Zambia,fdi,42,42,0,0,1980,2021
Non-CFA comparison,ZMB,Zambia,gdp_pc,42,40,2,0.047619047619047616,1980,2019
Non-CFA comparison,ZMB,Zambia,gdp_pc_current,42,40,2,0.047619047619047616,1980,2019
Non-CFA comparison,ZMB,Zambia,gdp_pc_wdi,42,32,10,0.23809523809523808,1990,2021
Non-CFA comparison,ZMB,Zambia,gdp_pc_wdi_alt,42,42,0,0,1980,2021
Non-CFA comparison,ZMB,Zambia,govt_share,42,40,2,0.047619047619047616,1980,2019
Non-CFA comparison,ZMB,Zambia,hc,42,40,2,0.047619047619047616,1980,2019
Non-CFA comparison,ZMB,Zambia,industry,42,42,0,0,1980,2021
Non-CFA comparison,ZMB,Zambia,inflation,42,42,0,0,1980,2021
Non-CFA comparison,ZMB,Zambia,invest_share,42,40,2,0.047619047619047616,1980,2019
Non-CFA comparison,ZMB,Zambia,iso2c,42,42,0,0,1980,2021
Non-CFA comparison,ZMB,Zambia,labour,42,40,2,0.047619047619047616,1980,2019
Non-CFA comparison,ZMB,Zambia,oda,42,32,10,0.23809523809523808,1980,2011
Non-CFA comparison,ZMB,Zambia,polity2,42,39,3,0.07142857142857142,1980,2018
Non-CFA comparison,ZMB,Zambia,pop,42,40,2,0.047619047619047616,1980,2019
Non-CFA comparison,ZMB,Zambia,rgdpo,42,40,2,0.047619047619047616,1980,2019
Non-CFA comparison,ZWE,Zimbabwe,agriculture,42,42,0,0,1980,2021
Non-CFA comparison,ZWE,Zimbabwe,alt_inflation,42,12,30,0.7142857142857143,2010,2021
Non-CFA comparison,ZWE,Zimbabwe,cgdpo,42,40,2,0.047619047619047616,1980,2019
Non-CFA comparison,ZWE,Zimbabwe,csh_g,42,40,2,0.047619047619047616,1980,2019
Non-CFA comparison,ZWE,Zimbabwe,csh_i,42,40,2,0.047619047619047616,1980,2019
Non-CFA comparison,ZWE,Zimbabwe,emp,42,40,2,0.047619047619047616,1980,2019
Non-CFA comparison,ZWE,Zimbabwe,fdi,42,42,0,0,1980,2021
Non-CFA comparison,ZWE,Zimbabwe,gdp_pc,42,40,2,0.047619047619047616,1980,2019
Non-CFA comparison,ZWE,Zimbabwe,gdp_pc_current,42,40,2,0.047619047619047616,1980,2019
Non-CFA comparison,ZWE,Zimbabwe,gdp_pc_wdi,42,32,10,0.23809523809523808,1990,2021
Non-CFA comparison,ZWE,Zimbabwe,gdp_pc_wdi_alt,42,42,0,0,1980,2021
Non-CFA comparison,ZWE,Zimbabwe,govt_share,42,40,2,0.047619047619047616,1980,2019
Non-CFA comparison,ZWE,Zimbabwe,hc,42,40,2,0.047619047619047616,1980,2019
Non-CFA comparison,ZWE,Zimbabwe,industry,42,38,4,0.09523809523809523,1980,2021
Non-CFA comparison,ZWE,Zimbabwe,inflation,42,42,0,0,1980,2021
Non-CFA comparison,ZWE,Zimbabwe,invest_share,42,40,2,0.047619047619047616,1980,2019
Non-CFA comparison,ZWE,Zimbabwe,iso2c,42,42,0,0,1980,2021
Non-CFA comparison,ZWE,Zimbabwe,labour,42,40,2,0.047619047619047616,1980,2019
Non-CFA comparison,ZWE,Zimbabwe,oda,42,32,10,0.23809523809523808,1980,2011
Non-CFA comparison,ZWE,Zimbabwe,polity2,42,39,3,0.07142857142857142,1980,2018
Non-CFA comparison,ZWE,Zimbabwe,pop,42,40,2,0.047619047619047616,1980,2019
Non-CFA comparison,ZWE,Zimbabwe,rgdpo,42,40,2,0.047619047619047616,1980,2019
WAEMU,BEN,Benin,agriculture,42,42,0,0,1980,2021
WAEMU,BEN,Benin,alt_inflation,42,29,13,0.30952380952380953,1993,2021
WAEMU,BEN,Benin,cgdpo,42,40,2,0.047619047619047616,1980,2019
WAEMU,BEN,Benin,csh_g,42,40,2,0.047619047619047616,1980,2019
WAEMU,BEN,Benin,csh_i,42,40,2,0.047619047619047616,1980,2019
WAEMU,BEN,Benin,emp,42,40,2,0.047619047619047616,1980,2019
WAEMU,BEN,Benin,fdi,42,42,0,0,1980,2021
WAEMU,BEN,Benin,gdp_pc,42,40,2,0.047619047619047616,1980,2019
WAEMU,BEN,Benin,gdp_pc_current,42,40,2,0.047619047619047616,1980,2019
WAEMU,BEN,Benin,gdp_pc_wdi,42,32,10,0.23809523809523808,1990,2021
WAEMU,BEN,Benin,gdp_pc_wdi_alt,42,42,0,0,1980,2021
WAEMU,BEN,Benin,govt_share,42,40,2,0.047619047619047616,1980,2019
WAEMU,BEN,Benin,hc,42,40,2,0.047619047619047616,1980,2019
WAEMU,BEN,Benin,industry,42,42,0,0,1980,2021
WAEMU,BEN,Benin,inflation,42,42,0,0,1980,2021
WAEMU,BEN,Benin,invest_share,42,40,2,0.047619047619047616,1980,2019
WAEMU,BEN,Benin,iso2c,42,42,0,0,1980,2021
WAEMU,BEN,Benin,labour,42,40,2,0.047619047619047616,1980,2019
WAEMU,BEN,Benin,oda,42,32,10,0.23809523809523808,1980,2011
WAEMU,BEN,Benin,polity2,42,39,3,0.07142857142857142,1980,2018
WAEMU,BEN,Benin,pop,42,40,2,0.047619047619047616,1980,2019
WAEMU,BEN,Benin,rgdpo,42,40,2,0.047619047619047616,1980,2019
WAEMU,BFA,Burkina Faso,agriculture,42,42,0,0,1980,2021
WAEMU,BFA,Burkina Faso,alt_inflation,42,42,0,0,1980,2021
WAEMU,BFA,Burkina Faso,cgdpo,42,40,2,0.047619047619047616,1980,2019
WAEMU,BFA,Burkina Faso,csh_g,42,40,2,0.047619047619047616,1980,2019
WAEMU,BFA,Burkina Faso,csh_i,42,40,2,0.047619047619047616,1980,2019
WAEMU,BFA,Burkina Faso,emp,42,40,2,0.047619047619047616,1980,2019
WAEMU,BFA,Burkina Faso,fdi,42,42,0,0,1980,2021
WAEMU,BFA,Burkina Faso,gdp_pc,42,40,2,0.047619047619047616,1980,2019
WAEMU,BFA,Burkina Faso,gdp_pc_current,42,40,2,0.047619047619047616,1980,2019
WAEMU,BFA,Burkina Faso,gdp_pc_wdi,42,32,10,0.23809523809523808,1990,2021
WAEMU,BFA,Burkina Faso,gdp_pc_wdi_alt,42,42,0,0,1980,2021
WAEMU,BFA,Burkina Faso,govt_share,42,40,2,0.047619047619047616,1980,2019
WAEMU,BFA,Burkina Faso,hc,42,40,2,0.047619047619047616,1980,2019
WAEMU,BFA,Burkina Faso,industry,42,42,0,0,1980,2021
WAEMU,BFA,Burkina Faso,inflation,42,42,0,0,1980,2021
WAEMU,BFA,Burkina Faso,invest_share,42,40,2,0.047619047619047616,1980,2019
WAEMU,BFA,Burkina Faso,iso2c,42,42,0,0,1980,2021
WAEMU,BFA,Burkina Faso,labour,42,40,2,0.047619047619047616,1980,2019
WAEMU,BFA,Burkina Faso,oda,42,32,10,0.23809523809523808,1980,2011
WAEMU,BFA,Burkina Faso,polity2,42,39,3,0.07142857142857142,1980,2018
WAEMU,BFA,Burkina Faso,pop,42,40,2,0.047619047619047616,1980,2019
WAEMU,BFA,Burkina Faso,rgdpo,42,40,2,0.047619047619047616,1980,2019
WAEMU,CIV,Cote d'Ivoire,agriculture,42,42,0,0,1980,2021
WAEMU,CIV,Cote d'Ivoire,alt_inflation,42,42,0,0,1980,2021
WAEMU,CIV,Cote d'Ivoire,cgdpo,42,40,2,0.047619047619047616,1980,2019
WAEMU,CIV,Cote d'Ivoire,csh_g,42,40,2,0.047619047619047616,1980,2019
WAEMU,CIV,Cote d'Ivoire,csh_i,42,40,2,0.047619047619047616,1980,2019
WAEMU,CIV,Cote d'Ivoire,emp,42,40,2,0.047619047619047616,1980,2019
WAEMU,CIV,Cote d'Ivoire,fdi,42,42,0,0,1980,2021
WAEMU,CIV,Cote d'Ivoire,gdp_pc,42,40,2,0.047619047619047616,1980,2019
WAEMU,CIV,Cote d'Ivoire,gdp_pc_current,42,40,2,0.047619047619047616,1980,2019
WAEMU,CIV,Cote d'Ivoire,gdp_pc_wdi,42,32,10,0.23809523809523808,1990,2021
WAEMU,CIV,Cote d'Ivoire,gdp_pc_wdi_alt,42,42,0,0,1980,2021
WAEMU,CIV,Cote d'Ivoire,govt_share,42,40,2,0.047619047619047616,1980,2019
WAEMU,CIV,Cote d'Ivoire,hc,42,40,2,0.047619047619047616,1980,2019
WAEMU,CIV,Cote d'Ivoire,industry,42,42,0,0,1980,2021
WAEMU,CIV,Cote d'Ivoire,inflation,42,42,0,0,1980,2021
WAEMU,CIV,Cote d'Ivoire,invest_share,42,40,2,0.047619047619047616,1980,2019
WAEMU,CIV,Cote d'Ivoire,iso2c,42,42,0,0,1980,2021
WAEMU,CIV,Cote d'Ivoire,labour,42,40,2,0.047619047619047616,1980,2019
WAEMU,CIV,Cote d'Ivoire,oda,42,32,10,0.23809523809523808,1980,2011
WAEMU,CIV,Cote d'Ivoire,polity2,42,39,3,0.07142857142857142,1980,2018
WAEMU,CIV,Cote d'Ivoire,pop,42,40,2,0.047619047619047616,1980,2019
WAEMU,CIV,Cote d'Ivoire,rgdpo,42,40,2,0.047619047619047616,1980,2019
WAEMU,GNB,Guinea-Bissau,agriculture,42,42,0,0,1980,2021
WAEMU,GNB,Guinea-Bissau,alt_inflation,42,34,8,0.19047619047619047,1988,2021
WAEMU,GNB,Guinea-Bissau,cgdpo,42,40,2,0.047619047619047616,1980,2019
WAEMU,GNB,Guinea-Bissau,csh_g,42,40,2,0.047619047619047616,1980,2019
WAEMU,GNB,Guinea-Bissau,csh_i,42,40,2,0.047619047619047616,1980,2019
WAEMU,GNB,Guinea-Bissau,emp,42,40,2,0.047619047619047616,1980,2019
WAEMU,GNB,Guinea-Bissau,fdi,42,40,2,0.047619047619047616,1982,2021
WAEMU,GNB,Guinea-Bissau,gdp_pc,42,40,2,0.047619047619047616,1980,2019
WAEMU,GNB,Guinea-Bissau,gdp_pc_current,42,40,2,0.047619047619047616,1980,2019
WAEMU,GNB,Guinea-Bissau,gdp_pc_wdi,42,32,10,0.23809523809523808,1990,2021
WAEMU,GNB,Guinea-Bissau,gdp_pc_wdi_alt,42,42,0,0,1980,2021
WAEMU,GNB,Guinea-Bissau,govt_share,42,40,2,0.047619047619047616,1980,2019
WAEMU,GNB,Guinea-Bissau,hc,42,0,42,1,NA,NA
WAEMU,GNB,Guinea-Bissau,industry,42,42,0,0,1980,2021
WAEMU,GNB,Guinea-Bissau,inflation,42,42,0,0,1980,2021
WAEMU,GNB,Guinea-Bissau,invest_share,42,40,2,0.047619047619047616,1980,2019
WAEMU,GNB,Guinea-Bissau,iso2c,42,42,0,0,1980,2021
WAEMU,GNB,Guinea-Bissau,labour,42,40,2,0.047619047619047616,1980,2019
WAEMU,GNB,Guinea-Bissau,oda,42,32,10,0.23809523809523808,1980,2011
WAEMU,GNB,Guinea-Bissau,polity2,42,39,3,0.07142857142857142,1980,2018
WAEMU,GNB,Guinea-Bissau,pop,42,40,2,0.047619047619047616,1980,2019
WAEMU,GNB,Guinea-Bissau,rgdpo,42,40,2,0.047619047619047616,1980,2019
WAEMU,MLI,Mali,agriculture,42,42,0,0,1980,2021
WAEMU,MLI,Mali,alt_inflation,42,33,9,0.21428571428571427,1989,2021
WAEMU,MLI,Mali,cgdpo,42,40,2,0.047619047619047616,1980,2019
WAEMU,MLI,Mali,csh_g,42,40,2,0.047619047619047616,1980,2019
WAEMU,MLI,Mali,csh_i,42,40,2,0.047619047619047616,1980,2019
WAEMU,MLI,Mali,emp,42,40,2,0.047619047619047616,1980,2019
WAEMU,MLI,Mali,fdi,42,42,0,0,1980,2021
WAEMU,MLI,Mali,gdp_pc,42,40,2,0.047619047619047616,1980,2019
WAEMU,MLI,Mali,gdp_pc_current,42,40,2,0.047619047619047616,1980,2019
WAEMU,MLI,Mali,gdp_pc_wdi,42,32,10,0.23809523809523808,1990,2021
WAEMU,MLI,Mali,gdp_pc_wdi_alt,42,42,0,0,1980,2021
WAEMU,MLI,Mali,govt_share,42,40,2,0.047619047619047616,1980,2019
WAEMU,MLI,Mali,hc,42,40,2,0.047619047619047616,1980,2019
WAEMU,MLI,Mali,industry,42,42,0,0,1980,2021
WAEMU,MLI,Mali,inflation,42,42,0,0,1980,2021
WAEMU,MLI,Mali,invest_share,42,40,2,0.047619047619047616,1980,2019
WAEMU,MLI,Mali,iso2c,42,42,0,0,1980,2021
WAEMU,MLI,Mali,labour,42,40,2,0.047619047619047616,1980,2019
WAEMU,MLI,Mali,oda,42,32,10,0.23809523809523808,1980,2011
WAEMU,MLI,Mali,polity2,42,39,3,0.07142857142857142,1980,2018
WAEMU,MLI,Mali,pop,42,40,2,0.047619047619047616,1980,2019
WAEMU,MLI,Mali,rgdpo,42,40,2,0.047619047619047616,1980,2019
WAEMU,NER,Niger,agriculture,42,42,0,0,1980,2021
WAEMU,NER,Niger,alt_inflation,42,42,0,0,1980,2021
WAEMU,NER,Niger,cgdpo,42,40,2,0.047619047619047616,1980,2019
WAEMU,NER,Niger,csh_g,42,40,2,0.047619047619047616,1980,2019
WAEMU,NER,Niger,csh_i,42,40,2,0.047619047619047616,1980,2019
WAEMU,NER,Niger,emp,42,40,2,0.047619047619047616,1980,2019
WAEMU,NER,Niger,fdi,42,42,0,0,1980,2021
WAEMU,NER,Niger,gdp_pc,42,40,2,0.047619047619047616,1980,2019
WAEMU,NER,Niger,gdp_pc_current,42,40,2,0.047619047619047616,1980,2019
WAEMU,NER,Niger,gdp_pc_wdi,42,32,10,0.23809523809523808,1990,2021
WAEMU,NER,Niger,gdp_pc_wdi_alt,42,42,0,0,1980,2021
WAEMU,NER,Niger,govt_share,42,40,2,0.047619047619047616,1980,2019
WAEMU,NER,Niger,hc,42,40,2,0.047619047619047616,1980,2019
WAEMU,NER,Niger,industry,42,42,0,0,1980,2021
WAEMU,NER,Niger,inflation,42,42,0,0,1980,2021
WAEMU,NER,Niger,invest_share,42,40,2,0.047619047619047616,1980,2019
WAEMU,NER,Niger,iso2c,42,42,0,0,1980,2021
WAEMU,NER,Niger,labour,42,40,2,0.047619047619047616,1980,2019
WAEMU,NER,Niger,oda,42,32,10,0.23809523809523808,1980,2011
WAEMU,NER,Niger,polity2,42,39,3,0.07142857142857142,1980,2018
WAEMU,NER,Niger,pop,42,40,2,0.047619047619047616,1980,2019
WAEMU,NER,Niger,rgdpo,42,40,2,0.047619047619047616,1980,2019
WAEMU,SEN,Senegal,agriculture,42,42,0,0,1980,2021
WAEMU,SEN,Senegal,alt_inflation,42,42,0,0,1980,2021
WAEMU,SEN,Senegal,cgdpo,42,40,2,0.047619047619047616,1980,2019
WAEMU,SEN,Senegal,csh_g,42,40,2,0.047619047619047616,1980,2019
WAEMU,SEN,Senegal,csh_i,42,40,2,0.047619047619047616,1980,2019
WAEMU,SEN,Senegal,emp,42,40,2,0.047619047619047616,1980,2019
WAEMU,SEN,Senegal,fdi,42,42,0,0,1980,2021
WAEMU,SEN,Senegal,gdp_pc,42,40,2,0.047619047619047616,1980,2019
WAEMU,SEN,Senegal,gdp_pc_current,42,40,2,0.047619047619047616,1980,2019
WAEMU,SEN,Senegal,gdp_pc_wdi,42,32,10,0.23809523809523808,1990,2021
WAEMU,SEN,Senegal,gdp_pc_wdi_alt,42,42,0,0,1980,2021
WAEMU,SEN,Senegal,govt_share,42,40,2,0.047619047619047616,1980,2019
WAEMU,SEN,Senegal,hc,42,40,2,0.047619047619047616,1980,2019
WAEMU,SEN,Senegal,industry,42,42,0,0,1980,2021
WAEMU,SEN,Senegal,inflation,42,42,0,0,1980,2021
WAEMU,SEN,Senegal,invest_share,42,40,2,0.047619047619047616,1980,2019
WAEMU,SEN,Senegal,iso2c,42,42,0,0,1980,2021
WAEMU,SEN,Senegal,labour,42,40,2,0.047619047619047616,1980,2019
WAEMU,SEN,Senegal,oda,42,32,10,0.23809523809523808,1980,2011
WAEMU,SEN,Senegal,polity2,42,39,3,0.07142857142857142,1980,2018
WAEMU,SEN,Senegal,pop,42,40,2,0.047619047619047616,1980,2019
WAEMU,SEN,Senegal,rgdpo,42,40,2,0.047619047619047616,1980,2019
WAEMU,TGO,Togo,agriculture,42,42,0,0,1980,2021
WAEMU,TGO,Togo,alt_inflation,42,42,0,0,1980,2021
WAEMU,TGO,Togo,cgdpo,42,40,2,0.047619047619047616,1980,2019
WAEMU,TGO,Togo,csh_g,42,40,2,0.047619047619047616,1980,2019
WAEMU,TGO,Togo,csh_i,42,40,2,0.047619047619047616,1980,2019
WAEMU,TGO,Togo,emp,42,40,2,0.047619047619047616,1980,2019
WAEMU,TGO,Togo,fdi,42,42,0,0,1980,2021
WAEMU,TGO,Togo,gdp_pc,42,40,2,0.047619047619047616,1980,2019
WAEMU,TGO,Togo,gdp_pc_current,42,40,2,0.047619047619047616,1980,2019
WAEMU,TGO,Togo,gdp_pc_wdi,42,32,10,0.23809523809523808,1990,2021
WAEMU,TGO,Togo,gdp_pc_wdi_alt,42,42,0,0,1980,2021
WAEMU,TGO,Togo,govt_share,42,40,2,0.047619047619047616,1980,2019
WAEMU,TGO,Togo,hc,42,40,2,0.047619047619047616,1980,2019
WAEMU,TGO,Togo,industry,42,42,0,0,1980,2021
WAEMU,TGO,Togo,inflation,42,42,0,0,1980,2021
WAEMU,TGO,Togo,invest_share,42,40,2,0.047619047619047616,1980,2019
WAEMU,TGO,Togo,iso2c,42,42,0,0,1980,2021
WAEMU,TGO,Togo,labour,42,40,2,0.047619047619047616,1980,2019
WAEMU,TGO,Togo,oda,42,32,10,0.23809523809523808,1980,2011
WAEMU,TGO,Togo,polity2,42,39,3,0.07142857142857142,1980,2018
WAEMU,TGO,Togo,pop,42,40,2,0.047619047619047616,1980,2019
WAEMU,TGO,Togo,rgdpo,42,40,2,0.047619047619047616,1980,2019
