"year","treated_iso3c","treated_country","treated_gap","p_abs_gap","p_directional_gap","n_placebos","significant_10pct_abs","significant_5pct_abs","significant_10pct_directional","significant_5pct_directional"
1980,"BEN","Benin",79.4930935864756,0.636363636363636,0.409090909090909,21,FALSE,FALSE,FALSE,FALSE
1981,"BEN","Benin",30.0662841015277,0.772727272727273,0.363636363636364,21,FALSE,FALSE,FALSE,FALSE
1982,"BEN","Benin",32.4872857901462,0.727272727272727,0.363636363636364,21,FALSE,FALSE,FALSE,FALSE
1983,"BEN","Benin",-9.52729710601696,0.909090909090909,0.409090909090909,21,FALSE,FALSE,FALSE,FALSE
1984,"BEN","Benin",-34.8487660239577,0.863636363636364,0.409090909090909,21,FALSE,FALSE,FALSE,FALSE
1985,"BEN","Benin",-75.9684237724409,0.636363636363636,0.363636363636364,21,FALSE,FALSE,FALSE,FALSE
1986,"BEN","Benin",-1.98972026852545,1,0.5,21,FALSE,FALSE,FALSE,FALSE
1987,"BEN","Benin",22.6698235095143,0.863636363636364,0.409090909090909,21,FALSE,FALSE,FALSE,FALSE
1988,"BEN","Benin",17.0692638578722,0.909090909090909,0.5,21,FALSE,FALSE,FALSE,FALSE
1989,"BEN","Benin",-23.3105005155822,0.772727272727273,0.409090909090909,21,FALSE,FALSE,FALSE,FALSE
1990,"BEN","Benin",-1.26706087110085,1,0.681818181818182,21,FALSE,FALSE,FALSE,FALSE
1991,"BEN","Benin",66.9170813332892,0.818181818181818,0.454545454545455,21,FALSE,FALSE,FALSE,FALSE
1992,"BEN","Benin",-1.98413486382395,1,0.5,21,FALSE,FALSE,FALSE,FALSE
1993,"BEN","Benin",76.4794837333143,0.818181818181818,0.454545454545455,21,FALSE,FALSE,FALSE,FALSE
1994,"BEN","Benin",-65.7710229837336,0.636363636363636,0.272727272727273,21,FALSE,FALSE,FALSE,FALSE
1995,"BEN","Benin",-18.7090359504217,0.727272727272727,0.363636363636364,21,FALSE,FALSE,FALSE,FALSE
1996,"BEN","Benin",-45.9961800063705,0.727272727272727,0.454545454545455,21,FALSE,FALSE,FALSE,FALSE
1997,"BEN","Benin",-91.219187539343,0.590909090909091,0.409090909090909,21,FALSE,FALSE,FALSE,FALSE
1998,"BEN","Benin",-70.4045878625011,0.590909090909091,0.363636363636364,21,FALSE,FALSE,FALSE,FALSE
1999,"BEN","Benin",75.9423277741989,0.727272727272727,0.363636363636364,21,FALSE,FALSE,FALSE,FALSE
2000,"BEN","Benin",7.71218892924054,1,0.454545454545455,21,FALSE,FALSE,FALSE,FALSE
2001,"BEN","Benin",8.72468034848481,0.818181818181818,0.318181818181818,21,FALSE,FALSE,FALSE,FALSE
2002,"BEN","Benin",48.0398384857935,0.863636363636364,0.454545454545455,21,FALSE,FALSE,FALSE,FALSE
2003,"BEN","Benin",127.168612062535,0.772727272727273,0.409090909090909,21,FALSE,FALSE,FALSE,FALSE
2004,"BEN","Benin",159.210455672256,0.772727272727273,0.409090909090909,21,FALSE,FALSE,FALSE,FALSE
2005,"BEN","Benin",119.676273539475,0.772727272727273,0.363636363636364,21,FALSE,FALSE,FALSE,FALSE
2006,"BEN","Benin",104.422754200089,0.818181818181818,0.454545454545455,21,FALSE,FALSE,FALSE,FALSE
2007,"BEN","Benin",65.8149126226422,0.954545454545455,0.454545454545455,21,FALSE,FALSE,FALSE,FALSE
2008,"BEN","Benin",118.825242613284,0.954545454545455,0.5,21,FALSE,FALSE,FALSE,FALSE
2009,"BEN","Benin",36.7474926504991,1,0.5,21,FALSE,FALSE,FALSE,FALSE
2010,"BEN","Benin",-199.041344412012,0.909090909090909,0.545454545454545,21,FALSE,FALSE,FALSE,FALSE
2011,"BEN","Benin",-274.452906917125,0.863636363636364,0.5,21,FALSE,FALSE,FALSE,FALSE
2012,"BEN","Benin",-297.09564381134,1,0.545454545454545,21,FALSE,FALSE,FALSE,FALSE
2013,"BEN","Benin",-281.338346711817,1,0.545454545454545,21,FALSE,FALSE,FALSE,FALSE
2014,"BEN","Benin",-389.897716801925,0.863636363636364,0.454545454545455,21,FALSE,FALSE,FALSE,FALSE
2015,"BEN","Benin",-705.829394076514,0.636363636363636,0.363636363636364,21,FALSE,FALSE,FALSE,FALSE
2016,"BEN","Benin",-1044.27170905953,0.545454545454545,0.318181818181818,21,FALSE,FALSE,FALSE,FALSE
2017,"BEN","Benin",-1192.33996586078,0.590909090909091,0.363636363636364,21,FALSE,FALSE,FALSE,FALSE
2018,"BEN","Benin",-1210.33427482333,0.590909090909091,0.363636363636364,21,FALSE,FALSE,FALSE,FALSE
2019,"BEN","Benin",-1383.39322022258,0.590909090909091,0.363636363636364,21,FALSE,FALSE,FALSE,FALSE
1980,"BFA","Burkina Faso",37.5360337330472,0.772727272727273,0.409090909090909,21,FALSE,FALSE,FALSE,FALSE
1981,"BFA","Burkina Faso",-5.45082333349677,0.954545454545455,0.545454545454545,21,FALSE,FALSE,FALSE,FALSE
1982,"BFA","Burkina Faso",6.5978113190346,1,0.454545454545455,21,FALSE,FALSE,FALSE,FALSE
1983,"BFA","Burkina Faso",-6.69340268025792,0.909090909090909,0.409090909090909,21,FALSE,FALSE,FALSE,FALSE
1984,"BFA","Burkina Faso",-39.2788138868822,0.818181818181818,0.409090909090909,21,FALSE,FALSE,FALSE,FALSE
1985,"BFA","Burkina Faso",-73.5553709884797,0.636363636363636,0.363636363636364,21,FALSE,FALSE,FALSE,FALSE
1986,"BFA","Burkina Faso",5.77653666314262,0.954545454545455,0.5,21,FALSE,FALSE,FALSE,FALSE
1987,"BFA","Burkina Faso",38.2891295500771,0.727272727272727,0.363636363636364,21,FALSE,FALSE,FALSE,FALSE
1988,"BFA","Burkina Faso",56.2760544514052,0.636363636363636,0.363636363636364,21,FALSE,FALSE,FALSE,FALSE
1989,"BFA","Burkina Faso",32.3017731990064,0.772727272727273,0.409090909090909,21,FALSE,FALSE,FALSE,FALSE
1990,"BFA","Burkina Faso",44.1085390945557,0.772727272727273,0.318181818181818,21,FALSE,FALSE,FALSE,FALSE
1991,"BFA","Burkina Faso",66.0299433323439,0.818181818181818,0.454545454545455,21,FALSE,FALSE,FALSE,FALSE
1992,"BFA","Burkina Faso",78.13331989933,0.727272727272727,0.409090909090909,21,FALSE,FALSE,FALSE,FALSE
1993,"BFA","Burkina Faso",43.5389493395041,0.954545454545455,0.454545454545455,21,FALSE,FALSE,FALSE,FALSE
1994,"BFA","Burkina Faso",-97.147023340128,0.454545454545455,0.227272727272727,21,FALSE,FALSE,FALSE,FALSE
1995,"BFA","Burkina Faso",-85.6543364240985,0.454545454545455,0.181818181818182,21,FALSE,FALSE,FALSE,FALSE
1996,"BFA","Burkina Faso",-129.35020220154,0.363636363636364,0.227272727272727,21,FALSE,FALSE,FALSE,FALSE
1997,"BFA","Burkina Faso",-152.617394992014,0.454545454545455,0.272727272727273,21,FALSE,FALSE,FALSE,FALSE
1998,"BFA","Burkina Faso",-123.345668247666,0.409090909090909,0.227272727272727,21,FALSE,FALSE,FALSE,FALSE
1999,"BFA","Burkina Faso",-86.3117389116603,0.727272727272727,0.409090909090909,21,FALSE,FALSE,FALSE,FALSE
2000,"BFA","Burkina Faso",-143.286453156479,0.454545454545455,0.318181818181818,21,FALSE,FALSE,FALSE,FALSE
2001,"BFA","Burkina Faso",-129.98718363786,0.545454545454545,0.363636363636364,21,FALSE,FALSE,FALSE,FALSE
2002,"BFA","Burkina Faso",-102.11909510375,0.727272727272727,0.454545454545455,21,FALSE,FALSE,FALSE,FALSE
2003,"BFA","Burkina Faso",-58.1873400940821,0.954545454545455,0.5,21,FALSE,FALSE,FALSE,FALSE
2004,"BFA","Burkina Faso",-49.0080264928733,0.909090909090909,0.409090909090909,21,FALSE,FALSE,FALSE,FALSE
2005,"BFA","Burkina Faso",-40.0576748578129,0.909090909090909,0.5,21,FALSE,FALSE,FALSE,FALSE
2006,"BFA","Burkina Faso",-46.9839368107841,0.863636363636364,0.454545454545455,21,FALSE,FALSE,FALSE,FALSE
2007,"BFA","Burkina Faso",-43.7714894951923,0.954545454545455,0.545454545454545,21,FALSE,FALSE,FALSE,FALSE
2008,"BFA","Burkina Faso",-27.7209672547243,1,0.545454545454545,21,FALSE,FALSE,FALSE,FALSE
2009,"BFA","Burkina Faso",-108.362386609246,1,0.545454545454545,21,FALSE,FALSE,FALSE,FALSE
2010,"BFA","Burkina Faso",-175.381974673278,0.909090909090909,0.545454545454545,21,FALSE,FALSE,FALSE,FALSE
2011,"BFA","Burkina Faso",-172.766504386378,0.909090909090909,0.545454545454545,21,FALSE,FALSE,FALSE,FALSE
2012,"BFA","Burkina Faso",-207.414129404948,1,0.545454545454545,21,FALSE,FALSE,FALSE,FALSE
2013,"BFA","Burkina Faso",-292.433527833268,1,0.545454545454545,21,FALSE,FALSE,FALSE,FALSE
2014,"BFA","Burkina Faso",-425.622711015741,0.772727272727273,0.409090909090909,21,FALSE,FALSE,FALSE,FALSE
2015,"BFA","Burkina Faso",-687.485595011502,0.636363636363636,0.363636363636364,21,FALSE,FALSE,FALSE,FALSE
2016,"BFA","Burkina Faso",-1054.193979946,0.545454545454545,0.318181818181818,21,FALSE,FALSE,FALSE,FALSE
2017,"BFA","Burkina Faso",-1167.99430103587,0.590909090909091,0.363636363636364,21,FALSE,FALSE,FALSE,FALSE
2018,"BFA","Burkina Faso",-1251.18478782366,0.590909090909091,0.363636363636364,21,FALSE,FALSE,FALSE,FALSE
2019,"BFA","Burkina Faso",-1416.40917996605,0.590909090909091,0.363636363636364,21,FALSE,FALSE,FALSE,FALSE
1980,"CIV","Côte d'Ivoire",265.956096594804,0.318181818181818,0.227272727272727,21,FALSE,FALSE,FALSE,FALSE
1981,"CIV","Côte d'Ivoire",40.1057508341951,0.727272727272727,0.363636363636364,21,FALSE,FALSE,FALSE,FALSE
1982,"CIV","Côte d'Ivoire",-37.3706225619412,0.727272727272727,0.409090909090909,21,FALSE,FALSE,FALSE,FALSE
1983,"CIV","Côte d'Ivoire",-84.0977154837709,0.545454545454545,0.318181818181818,21,FALSE,FALSE,FALSE,FALSE
1984,"CIV","Côte d'Ivoire",-77.9964765939443,0.545454545454545,0.272727272727273,21,FALSE,FALSE,FALSE,FALSE
1985,"CIV","Côte d'Ivoire",-72.4210630609516,0.636363636363636,0.363636363636364,21,FALSE,FALSE,FALSE,FALSE
1986,"CIV","Côte d'Ivoire",132.533142123367,0.5,0.272727272727273,21,FALSE,FALSE,FALSE,FALSE
1987,"CIV","Côte d'Ivoire",151.769152052783,0.318181818181818,0.227272727272727,21,FALSE,FALSE,FALSE,FALSE
1988,"CIV","Côte d'Ivoire",102.132287542639,0.545454545454545,0.318181818181818,21,FALSE,FALSE,FALSE,FALSE
1989,"CIV","Côte d'Ivoire",15.4179216748994,0.772727272727273,0.409090909090909,21,FALSE,FALSE,FALSE,FALSE
1990,"CIV","Côte d'Ivoire",-161.068468930699,0.5,0.318181818181818,21,FALSE,FALSE,FALSE,FALSE
1991,"CIV","Côte d'Ivoire",14.2220340320952,0.954545454545455,0.454545454545455,21,FALSE,FALSE,FALSE,FALSE
1992,"CIV","Côte d'Ivoire",-5.5211149494969,0.954545454545455,0.5,21,FALSE,FALSE,FALSE,FALSE
1993,"CIV","Côte d'Ivoire",-20.2773351683417,1,0.590909090909091,21,FALSE,FALSE,FALSE,FALSE
1994,"CIV","Côte d'Ivoire",-328.016957049662,0.181818181818182,0.0909090909090909,21,FALSE,FALSE,TRUE,FALSE
1995,"CIV","Côte d'Ivoire",-248.276883224435,0.272727272727273,0.136363636363636,21,FALSE,FALSE,FALSE,FALSE
1996,"CIV","Côte d'Ivoire",126.640400431979,0.363636363636364,0.181818181818182,21,FALSE,FALSE,FALSE,FALSE
1997,"CIV","Côte d'Ivoire",79.0736081265836,0.727272727272727,0.272727272727273,21,FALSE,FALSE,FALSE,FALSE
1998,"CIV","Côte d'Ivoire",104.422475655102,0.545454545454545,0.272727272727273,21,FALSE,FALSE,FALSE,FALSE
1999,"CIV","Côte d'Ivoire",91.1903603663209,0.681818181818182,0.363636363636364,21,FALSE,FALSE,FALSE,FALSE
2000,"CIV","Côte d'Ivoire",-35.0436056305871,0.909090909090909,0.545454545454545,21,FALSE,FALSE,FALSE,FALSE
2001,"CIV","Côte d'Ivoire",-52.8307045962727,0.681818181818182,0.454545454545455,21,FALSE,FALSE,FALSE,FALSE
2002,"CIV","Côte d'Ivoire",-36.8124860606234,0.909090909090909,0.5,21,FALSE,FALSE,FALSE,FALSE
2003,"CIV","Côte d'Ivoire",-63.489309447227,0.954545454545455,0.5,21,FALSE,FALSE,FALSE,FALSE
2004,"CIV","Côte d'Ivoire",-156.74553096246,0.818181818181818,0.409090909090909,21,FALSE,FALSE,FALSE,FALSE
2005,"CIV","Côte d'Ivoire",-260.396839814946,0.681818181818182,0.363636363636364,21,FALSE,FALSE,FALSE,FALSE
2006,"CIV","Côte d'Ivoire",-379.046601717213,0.545454545454545,0.272727272727273,21,FALSE,FALSE,FALSE,FALSE
2007,"CIV","Côte d'Ivoire",-432.605652973921,0.681818181818182,0.363636363636364,21,FALSE,FALSE,FALSE,FALSE
2008,"CIV","Côte d'Ivoire",-490.989106406075,0.727272727272727,0.363636363636364,21,FALSE,FALSE,FALSE,FALSE
2009,"CIV","Côte d'Ivoire",-524.331481336327,0.681818181818182,0.409090909090909,21,FALSE,FALSE,FALSE,FALSE
2010,"CIV","Côte d'Ivoire",-722.158700217929,0.681818181818182,0.318181818181818,21,FALSE,FALSE,FALSE,FALSE
2011,"CIV","Côte d'Ivoire",-956.387686610703,0.590909090909091,0.227272727272727,21,FALSE,FALSE,FALSE,FALSE
2012,"CIV","Côte d'Ivoire",-1107.47998922456,0.545454545454545,0.272727272727273,21,FALSE,FALSE,FALSE,FALSE
2013,"CIV","Côte d'Ivoire",-1016.0323268679,0.727272727272727,0.318181818181818,21,FALSE,FALSE,FALSE,FALSE
2014,"CIV","Côte d'Ivoire",-930.283738769833,0.681818181818182,0.363636363636364,21,FALSE,FALSE,FALSE,FALSE
2015,"CIV","Côte d'Ivoire",-960.970313895647,0.545454545454545,0.272727272727273,21,FALSE,FALSE,FALSE,FALSE
2016,"CIV","Côte d'Ivoire",-1051.89861420402,0.545454545454545,0.318181818181818,21,FALSE,FALSE,FALSE,FALSE
2017,"CIV","Côte d'Ivoire",-1259.8403032435,0.590909090909091,0.363636363636364,21,FALSE,FALSE,FALSE,FALSE
2018,"CIV","Côte d'Ivoire",-1266.47753637041,0.545454545454545,0.318181818181818,21,FALSE,FALSE,FALSE,FALSE
2019,"CIV","Côte d'Ivoire",-1267.33038853038,0.590909090909091,0.363636363636364,21,FALSE,FALSE,FALSE,FALSE
1980,"MLI","Mali",115.907263743016,0.545454545454545,0.363636363636364,21,FALSE,FALSE,FALSE,FALSE
1981,"MLI","Mali",37.4665008131299,0.772727272727273,0.363636363636364,21,FALSE,FALSE,FALSE,FALSE
1982,"MLI","Mali",-16.7518962742379,0.863636363636364,0.454545454545455,21,FALSE,FALSE,FALSE,FALSE
1983,"MLI","Mali",-28.710339592588,0.863636363636364,0.409090909090909,21,FALSE,FALSE,FALSE,FALSE
1984,"MLI","Mali",-55.6537014893258,0.681818181818182,0.318181818181818,21,FALSE,FALSE,FALSE,FALSE
1985,"MLI","Mali",-65.3283730725766,0.636363636363636,0.363636363636364,21,FALSE,FALSE,FALSE,FALSE
1986,"MLI","Mali",9.60339517080294,0.954545454545455,0.5,21,FALSE,FALSE,FALSE,FALSE
1987,"MLI","Mali",23.4367102532053,0.863636363636364,0.409090909090909,21,FALSE,FALSE,FALSE,FALSE
1988,"MLI","Mali",35.629313351957,0.772727272727273,0.454545454545455,21,FALSE,FALSE,FALSE,FALSE
1989,"MLI","Mali",26.9694089801226,0.772727272727273,0.409090909090909,21,FALSE,FALSE,FALSE,FALSE
1990,"MLI","Mali",1.55535780239319,1,0.363636363636364,21,FALSE,FALSE,FALSE,FALSE
1991,"MLI","Mali",106.518797711535,0.636363636363636,0.363636363636364,21,FALSE,FALSE,FALSE,FALSE
1992,"MLI","Mali",107.374318706293,0.590909090909091,0.363636363636364,21,FALSE,FALSE,FALSE,FALSE
1993,"MLI","Mali",86.0331297106065,0.772727272727273,0.454545454545455,21,FALSE,FALSE,FALSE,FALSE
1994,"MLI","Mali",-22.3033551957939,0.772727272727273,0.363636363636364,21,FALSE,FALSE,FALSE,FALSE
1995,"MLI","Mali",9.11942628081209,0.863636363636364,0.5,21,FALSE,FALSE,FALSE,FALSE
1996,"MLI","Mali",-20.8396541745324,0.954545454545455,0.545454545454545,21,FALSE,FALSE,FALSE,FALSE
1997,"MLI","Mali",-69.2925789427511,0.727272727272727,0.5,21,FALSE,FALSE,FALSE,FALSE
1998,"MLI","Mali",-35.252606068415,0.772727272727273,0.363636363636364,21,FALSE,FALSE,FALSE,FALSE
1999,"MLI","Mali",-34.7966552433787,0.772727272727273,0.454545454545455,21,FALSE,FALSE,FALSE,FALSE
2000,"MLI","Mali",-107.769569265512,0.590909090909091,0.409090909090909,21,FALSE,FALSE,FALSE,FALSE
2001,"MLI","Mali",-59.4922802193452,0.636363636363636,0.409090909090909,21,FALSE,FALSE,FALSE,FALSE
2002,"MLI","Mali",-24.7425518403719,0.954545454545455,0.545454545454545,21,FALSE,FALSE,FALSE,FALSE
2003,"MLI","Mali",4.82148079563638,1,0.545454545454545,21,FALSE,FALSE,FALSE,FALSE
2004,"MLI","Mali",22.0739055818894,0.954545454545455,0.545454545454545,21,FALSE,FALSE,FALSE,FALSE
2005,"MLI","Mali",45.610860226048,0.909090909090909,0.454545454545455,21,FALSE,FALSE,FALSE,FALSE
2006,"MLI","Mali",66.5025182254006,0.863636363636364,0.454545454545455,21,FALSE,FALSE,FALSE,FALSE
2007,"MLI","Mali",94.7029543177804,0.954545454545455,0.454545454545455,21,FALSE,FALSE,FALSE,FALSE
2008,"MLI","Mali",105.078421659213,0.954545454545455,0.5,21,FALSE,FALSE,FALSE,FALSE
2009,"MLI","Mali",64.5178254429597,1,0.5,21,FALSE,FALSE,FALSE,FALSE
2010,"MLI","Mali",-16.0148194085205,1,0.590909090909091,21,FALSE,FALSE,FALSE,FALSE
2011,"MLI","Mali",30.8047636608458,0.954545454545455,0.454545454545455,21,FALSE,FALSE,FALSE,FALSE
2012,"MLI","Mali",-67.2635868398781,1,0.545454545454545,21,FALSE,FALSE,FALSE,FALSE
2013,"MLI","Mali",-139.279247177144,1,0.545454545454545,21,FALSE,FALSE,FALSE,FALSE
2014,"MLI","Mali",-224.990028478416,1,0.545454545454545,21,FALSE,FALSE,FALSE,FALSE
2015,"MLI","Mali",-449.259442479137,0.772727272727273,0.454545454545455,21,FALSE,FALSE,FALSE,FALSE
2016,"MLI","Mali",-824.93800082713,0.636363636363636,0.363636363636364,21,FALSE,FALSE,FALSE,FALSE
2017,"MLI","Mali",-938.696470249655,0.636363636363636,0.363636363636364,21,FALSE,FALSE,FALSE,FALSE
2018,"MLI","Mali",-1023.84960002045,0.636363636363636,0.363636363636364,21,FALSE,FALSE,FALSE,FALSE
2019,"MLI","Mali",-1206.7562495624,0.590909090909091,0.363636363636364,21,FALSE,FALSE,FALSE,FALSE
1980,"NER","Niger",109.241191078279,0.590909090909091,0.409090909090909,21,FALSE,FALSE,FALSE,FALSE
1981,"NER","Niger",38.971032452708,0.772727272727273,0.363636363636364,21,FALSE,FALSE,FALSE,FALSE
1982,"NER","Niger",22.1617299896169,0.818181818181818,0.409090909090909,21,FALSE,FALSE,FALSE,FALSE
1983,"NER","Niger",-6.09816639751,0.909090909090909,0.409090909090909,21,FALSE,FALSE,FALSE,FALSE
1984,"NER","Niger",-72.4544183543015,0.590909090909091,0.318181818181818,21,FALSE,FALSE,FALSE,FALSE
1985,"NER","Niger",-138.929333057855,0.590909090909091,0.318181818181818,21,FALSE,FALSE,FALSE,FALSE
1986,"NER","Niger",-32.5549330971911,0.863636363636364,0.409090909090909,21,FALSE,FALSE,FALSE,FALSE
1987,"NER","Niger",29.1185405653967,0.863636363636364,0.409090909090909,21,FALSE,FALSE,FALSE,FALSE
1988,"NER","Niger",42.1417853503363,0.681818181818182,0.409090909090909,21,FALSE,FALSE,FALSE,FALSE
1989,"NER","Niger",3.24568797959239,0.954545454545455,0.590909090909091,21,FALSE,FALSE,FALSE,FALSE
1990,"NER","Niger",84.2213647276278,0.636363636363636,0.272727272727273,21,FALSE,FALSE,FALSE,FALSE
1991,"NER","Niger",123.732639091705,0.590909090909091,0.363636363636364,21,FALSE,FALSE,FALSE,FALSE
1992,"NER","Niger",118.522519502645,0.590909090909091,0.363636363636364,21,FALSE,FALSE,FALSE,FALSE
1993,"NER","Niger",55.695255226708,0.909090909090909,0.454545454545455,21,FALSE,FALSE,FALSE,FALSE
1994,"NER","Niger",-83.4031525823184,0.545454545454545,0.227272727272727,21,FALSE,FALSE,FALSE,FALSE
1995,"NER","Niger",-86.3254966080205,0.454545454545455,0.181818181818182,21,FALSE,FALSE,FALSE,FALSE
1996,"NER","Niger",-133.243619457819,0.363636363636364,0.227272727272727,21,FALSE,FALSE,FALSE,FALSE
1997,"NER","Niger",-153.546883055652,0.454545454545455,0.272727272727273,21,FALSE,FALSE,FALSE,FALSE
1998,"NER","Niger",-110.006400315155,0.5,0.318181818181818,21,FALSE,FALSE,FALSE,FALSE
1999,"NER","Niger",-141.449503603419,0.454545454545455,0.318181818181818,21,FALSE,FALSE,FALSE,FALSE
2000,"NER","Niger",-195.621186383991,0.363636363636364,0.227272727272727,21,FALSE,FALSE,FALSE,FALSE
2001,"NER","Niger",-179.675487628794,0.454545454545455,0.318181818181818,21,FALSE,FALSE,FALSE,FALSE
2002,"NER","Niger",-156.277058658035,0.681818181818182,0.454545454545455,21,FALSE,FALSE,FALSE,FALSE
2003,"NER","Niger",-147.658375411704,0.727272727272727,0.409090909090909,21,FALSE,FALSE,FALSE,FALSE
2004,"NER","Niger",-167.962227197617,0.772727272727273,0.409090909090909,21,FALSE,FALSE,FALSE,FALSE
2005,"NER","Niger",-168.035199666359,0.727272727272727,0.409090909090909,21,FALSE,FALSE,FALSE,FALSE
2006,"NER","Niger",-191.882292807136,0.636363636363636,0.363636363636364,21,FALSE,FALSE,FALSE,FALSE
2007,"NER","Niger",-208.430818587231,0.818181818181818,0.454545454545455,21,FALSE,FALSE,FALSE,FALSE
2008,"NER","Niger",-232.699272810528,0.909090909090909,0.5,21,FALSE,FALSE,FALSE,FALSE
2009,"NER","Niger",-301.949687983412,0.772727272727273,0.454545454545455,21,FALSE,FALSE,FALSE,FALSE
2010,"NER","Niger",-398.631620585581,0.772727272727273,0.409090909090909,21,FALSE,FALSE,FALSE,FALSE
2011,"NER","Niger",-488.51939015748,0.727272727272727,0.363636363636364,21,FALSE,FALSE,FALSE,FALSE
2012,"NER","Niger",-540.831533879575,0.727272727272727,0.363636363636364,21,FALSE,FALSE,FALSE,FALSE
2013,"NER","Niger",-651.987822931841,0.818181818181818,0.363636363636364,21,FALSE,FALSE,FALSE,FALSE
2014,"NER","Niger",-778.540606723977,0.727272727272727,0.363636363636364,21,FALSE,FALSE,FALSE,FALSE
2015,"NER","Niger",-975.706573057812,0.545454545454545,0.272727272727273,21,FALSE,FALSE,FALSE,FALSE
2016,"NER","Niger",-1322.04809417562,0.5,0.272727272727273,21,FALSE,FALSE,FALSE,FALSE
2017,"NER","Niger",-1459.04610745848,0.5,0.318181818181818,21,FALSE,FALSE,FALSE,FALSE
2018,"NER","Niger",-1552.21635882412,0.409090909090909,0.227272727272727,21,FALSE,FALSE,FALSE,FALSE
2019,"NER","Niger",-1704.09127764252,0.409090909090909,0.227272727272727,21,FALSE,FALSE,FALSE,FALSE
1980,"SEN","Senegal",15.0203416816247,0.909090909090909,0.454545454545455,21,FALSE,FALSE,FALSE,FALSE
1981,"SEN","Senegal",-12.5244007723016,0.954545454545455,0.545454545454545,21,FALSE,FALSE,FALSE,FALSE
1982,"SEN","Senegal",6.91926769932968,0.954545454545455,0.454545454545455,21,FALSE,FALSE,FALSE,FALSE
1983,"SEN","Senegal",-87.3266193338737,0.545454545454545,0.318181818181818,21,FALSE,FALSE,FALSE,FALSE
1984,"SEN","Senegal",-71.6398292006226,0.590909090909091,0.318181818181818,21,FALSE,FALSE,FALSE,FALSE
1985,"SEN","Senegal",20.8526808731583,0.909090909090909,0.318181818181818,21,FALSE,FALSE,FALSE,FALSE
1986,"SEN","Senegal",240.099064663216,0.181818181818182,0.136363636363636,21,FALSE,FALSE,FALSE,FALSE
1987,"SEN","Senegal",286.609541237072,0.181818181818182,0.136363636363636,21,FALSE,FALSE,FALSE,FALSE
1988,"SEN","Senegal",214.545875855106,0.272727272727273,0.227272727272727,21,FALSE,FALSE,FALSE,FALSE
1989,"SEN","Senegal",181.882591783607,0.5,0.272727272727273,21,FALSE,FALSE,FALSE,FALSE
1990,"SEN","Senegal",-30.1643767345546,0.818181818181818,0.545454545454545,21,FALSE,FALSE,FALSE,FALSE
1991,"SEN","Senegal",338.982837655776,0.272727272727273,0.227272727272727,21,FALSE,FALSE,FALSE,FALSE
1992,"SEN","Senegal",318.181671377657,0.363636363636364,0.272727272727273,21,FALSE,FALSE,FALSE,FALSE
1993,"SEN","Senegal",266.126720605619,0.272727272727273,0.181818181818182,21,FALSE,FALSE,FALSE,FALSE
1994,"SEN","Senegal",-70.151843675356,0.636363636363636,0.272727272727273,21,FALSE,FALSE,FALSE,FALSE
1995,"SEN","Senegal",-13.4311640748632,0.772727272727273,0.363636363636364,21,FALSE,FALSE,FALSE,FALSE
1996,"SEN","Senegal",-0.651348627028824,1,0.590909090909091,21,FALSE,FALSE,FALSE,FALSE
1997,"SEN","Senegal",-110.27460347695,0.545454545454545,0.363636363636364,21,FALSE,FALSE,FALSE,FALSE
1998,"SEN","Senegal",-29.7305444608456,0.863636363636364,0.454545454545455,21,FALSE,FALSE,FALSE,FALSE
1999,"SEN","Senegal",-54.0518910830829,0.772727272727273,0.454545454545455,21,FALSE,FALSE,FALSE,FALSE
2000,"SEN","Senegal",-143.644240916416,0.454545454545455,0.318181818181818,21,FALSE,FALSE,FALSE,FALSE
2001,"SEN","Senegal",-38.6233525122443,0.681818181818182,0.454545454545455,21,FALSE,FALSE,FALSE,FALSE
2002,"SEN","Senegal",32.8490548964802,0.954545454545455,0.454545454545455,21,FALSE,FALSE,FALSE,FALSE
2003,"SEN","Senegal",4.49802582401855,1,0.545454545454545,21,FALSE,FALSE,FALSE,FALSE
2004,"SEN","Senegal",-117.424479247969,0.863636363636364,0.409090909090909,21,FALSE,FALSE,FALSE,FALSE
2005,"SEN","Senegal",-165.380962421389,0.727272727272727,0.409090909090909,21,FALSE,FALSE,FALSE,FALSE
2006,"SEN","Senegal",-241.773984618062,0.590909090909091,0.318181818181818,21,FALSE,FALSE,FALSE,FALSE
2007,"SEN","Senegal",-158.461643407868,0.863636363636364,0.5,21,FALSE,FALSE,FALSE,FALSE
2008,"SEN","Senegal",-58.0530269512894,0.954545454545455,0.5,21,FALSE,FALSE,FALSE,FALSE
2009,"SEN","Senegal",-141.103275424887,1,0.545454545454545,21,FALSE,FALSE,FALSE,FALSE
2010,"SEN","Senegal",-498.053942463317,0.772727272727273,0.409090909090909,21,FALSE,FALSE,FALSE,FALSE
2011,"SEN","Senegal",-639.787318899066,0.681818181818182,0.318181818181818,21,FALSE,FALSE,FALSE,FALSE
2012,"SEN","Senegal",-741.857490974123,0.681818181818182,0.318181818181818,21,FALSE,FALSE,FALSE,FALSE
2013,"SEN","Senegal",-653.692997369276,0.818181818181818,0.363636363636364,21,FALSE,FALSE,FALSE,FALSE
2014,"SEN","Senegal",-691.000001005088,0.772727272727273,0.409090909090909,21,FALSE,FALSE,FALSE,FALSE
2015,"SEN","Senegal",-735.429315412027,0.636363636363636,0.363636363636364,21,FALSE,FALSE,FALSE,FALSE
2016,"SEN","Senegal",-715.645689992838,0.681818181818182,0.409090909090909,21,FALSE,FALSE,FALSE,FALSE
2017,"SEN","Senegal",-892.952448890645,0.636363636363636,0.363636363636364,21,FALSE,FALSE,FALSE,FALSE
2018,"SEN","Senegal",-960.675685327946,0.636363636363636,0.363636363636364,21,FALSE,FALSE,FALSE,FALSE
2019,"SEN","Senegal",-921.209594593544,0.636363636363636,0.363636363636364,21,FALSE,FALSE,FALSE,FALSE
1980,"TGO","Togo",79.0600883752091,0.636363636363636,0.409090909090909,21,FALSE,FALSE,FALSE,FALSE
1981,"TGO","Togo",13.2604830636801,0.954545454545455,0.454545454545455,21,FALSE,FALSE,FALSE,FALSE
1982,"TGO","Togo",-30.4241539596883,0.727272727272727,0.409090909090909,21,FALSE,FALSE,FALSE,FALSE
1983,"TGO","Togo",-67.2150492909653,0.590909090909091,0.318181818181818,21,FALSE,FALSE,FALSE,FALSE
1984,"TGO","Togo",-79.759294555845,0.5,0.227272727272727,21,FALSE,FALSE,FALSE,FALSE
1985,"TGO","Togo",-73.1686930086385,0.636363636363636,0.363636363636364,21,FALSE,FALSE,FALSE,FALSE
1986,"TGO","Togo",52.3613676404703,0.727272727272727,0.409090909090909,21,FALSE,FALSE,FALSE,FALSE
1987,"TGO","Togo",84.1102910446861,0.5,0.227272727272727,21,FALSE,FALSE,FALSE,FALSE
1988,"TGO","Togo",105.33227762798,0.545454545454545,0.318181818181818,21,FALSE,FALSE,FALSE,FALSE
1989,"TGO","Togo",70.2482908731677,0.636363636363636,0.363636363636364,21,FALSE,FALSE,FALSE,FALSE
1990,"TGO","Togo",-45.0974032778604,0.772727272727273,0.5,21,FALSE,FALSE,FALSE,FALSE
1991,"TGO","Togo",170.180973994205,0.545454545454545,0.363636363636364,21,FALSE,FALSE,FALSE,FALSE
1992,"TGO","Togo",150.951010656365,0.454545454545455,0.318181818181818,21,FALSE,FALSE,FALSE,FALSE
1993,"TGO","Togo",1.39349985029952,1,0.454545454545455,21,FALSE,FALSE,FALSE,FALSE
1994,"TGO","Togo",-107.611081523769,0.363636363636364,0.227272727272727,21,FALSE,FALSE,FALSE,FALSE
1995,"TGO","Togo",-71.5013254811455,0.5,0.227272727272727,21,FALSE,FALSE,FALSE,FALSE
1996,"TGO","Togo",-50.6889306756625,0.727272727272727,0.454545454545455,21,FALSE,FALSE,FALSE,FALSE
1997,"TGO","Togo",-75.1946678116176,0.727272727272727,0.5,21,FALSE,FALSE,FALSE,FALSE
1998,"TGO","Togo",-28.6374196263284,0.863636363636364,0.454545454545455,21,FALSE,FALSE,FALSE,FALSE
1999,"TGO","Togo",-60.9997100807786,0.772727272727273,0.454545454545455,21,FALSE,FALSE,FALSE,FALSE
2000,"TGO","Togo",-112.627225681274,0.590909090909091,0.409090909090909,21,FALSE,FALSE,FALSE,FALSE
2001,"TGO","Togo",-90.965479258459,0.636363636363636,0.409090909090909,21,FALSE,FALSE,FALSE,FALSE
2002,"TGO","Togo",-23.3296727256903,0.954545454545455,0.545454545454545,21,FALSE,FALSE,FALSE,FALSE
2003,"TGO","Togo",-41.8904367639051,1,0.5,21,FALSE,FALSE,FALSE,FALSE
2004,"TGO","Togo",-153.226590823449,0.818181818181818,0.409090909090909,21,FALSE,FALSE,FALSE,FALSE
2005,"TGO","Togo",-238.354202470709,0.681818181818182,0.363636363636364,21,FALSE,FALSE,FALSE,FALSE
2006,"TGO","Togo",-307.592810706908,0.590909090909091,0.318181818181818,21,FALSE,FALSE,FALSE,FALSE
2007,"TGO","Togo",-309.153456529708,0.727272727272727,0.363636363636364,21,FALSE,FALSE,FALSE,FALSE
2008,"TGO","Togo",-298.588855302505,0.863636363636364,0.454545454545455,21,FALSE,FALSE,FALSE,FALSE
2009,"TGO","Togo",-309.032527974555,0.772727272727273,0.454545454545455,21,FALSE,FALSE,FALSE,FALSE
2010,"TGO","Togo",-540.395184242863,0.727272727272727,0.363636363636364,21,FALSE,FALSE,FALSE,FALSE
2011,"TGO","Togo",-639.19176243613,0.681818181818182,0.318181818181818,21,FALSE,FALSE,FALSE,FALSE
2012,"TGO","Togo",-698.520903338344,0.681818181818182,0.318181818181818,21,FALSE,FALSE,FALSE,FALSE
2013,"TGO","Togo",-666.502988072386,0.818181818181818,0.363636363636364,21,FALSE,FALSE,FALSE,FALSE
2014,"TGO","Togo",-721.024474156646,0.727272727272727,0.363636363636364,21,FALSE,FALSE,FALSE,FALSE
2015,"TGO","Togo",-812.5237936091,0.545454545454545,0.272727272727273,21,FALSE,FALSE,FALSE,FALSE
2016,"TGO","Togo",-941.788998772289,0.545454545454545,0.318181818181818,21,FALSE,FALSE,FALSE,FALSE
2017,"TGO","Togo",-1083.01872954572,0.590909090909091,0.363636363636364,21,FALSE,FALSE,FALSE,FALSE
2018,"TGO","Togo",-1172.25132652048,0.590909090909091,0.363636363636364,21,FALSE,FALSE,FALSE,FALSE
2019,"TGO","Togo",-1222.69627150977,0.590909090909091,0.363636363636364,21,FALSE,FALSE,FALSE,FALSE
1980,"CMR","Cameroon",3.9957638378138,0.954545454545455,0.5,21,FALSE,FALSE,FALSE,FALSE
1981,"CMR","Cameroon",-42.7905238688463,0.681818181818182,0.363636363636364,21,FALSE,FALSE,FALSE,FALSE
1982,"CMR","Cameroon",-58.8173788624852,0.636363636363636,0.363636363636364,21,FALSE,FALSE,FALSE,FALSE
1983,"CMR","Cameroon",-42.7505816126026,0.727272727272727,0.363636363636364,21,FALSE,FALSE,FALSE,FALSE
1984,"CMR","Cameroon",-39.9598371609753,0.818181818181818,0.409090909090909,21,FALSE,FALSE,FALSE,FALSE
1985,"CMR","Cameroon",69.8724077993155,0.636363636363636,0.318181818181818,21,FALSE,FALSE,FALSE,FALSE
1986,"CMR","Cameroon",384.170986004099,0.136363636363636,0.136363636363636,21,FALSE,FALSE,FALSE,FALSE
1987,"CMR","Cameroon",435.679189853606,0.136363636363636,0.136363636363636,21,FALSE,FALSE,FALSE,FALSE
1988,"CMR","Cameroon",170.198084635519,0.363636363636364,0.227272727272727,21,FALSE,FALSE,FALSE,FALSE
1989,"CMR","Cameroon",25.7528110888259,0.772727272727273,0.409090909090909,21,FALSE,FALSE,FALSE,FALSE
1990,"CMR","Cameroon",-7.86162052978852,0.954545454545455,0.681818181818182,21,FALSE,FALSE,FALSE,FALSE
1991,"CMR","Cameroon",75.0747452887556,0.772727272727273,0.454545454545455,21,FALSE,FALSE,FALSE,FALSE
1992,"CMR","Cameroon",83.9907429490942,0.681818181818182,0.363636363636364,21,FALSE,FALSE,FALSE,FALSE
1993,"CMR","Cameroon",397.527399101227,0.272727272727273,0.181818181818182,21,FALSE,FALSE,FALSE,FALSE
1994,"CMR","Cameroon",-93.5923150197185,0.454545454545455,0.227272727272727,21,FALSE,FALSE,FALSE,FALSE
1995,"CMR","Cameroon",37.9295388910385,0.681818181818182,0.363636363636364,21,FALSE,FALSE,FALSE,FALSE
1996,"CMR","Cameroon",36.7514356114672,0.954545454545455,0.454545454545455,21,FALSE,FALSE,FALSE,FALSE
1997,"CMR","Cameroon",-34.2604121464011,0.772727272727273,0.545454545454545,21,FALSE,FALSE,FALSE,FALSE
1998,"CMR","Cameroon",-72.0069132411711,0.590909090909091,0.363636363636364,21,FALSE,FALSE,FALSE,FALSE
1999,"CMR","Cameroon",-56.300293093131,0.772727272727273,0.454545454545455,21,FALSE,FALSE,FALSE,FALSE
2000,"CMR","Cameroon",-229.556195377932,0.363636363636364,0.227272727272727,21,FALSE,FALSE,FALSE,FALSE
2001,"CMR","Cameroon",-305.323982242056,0.318181818181818,0.227272727272727,21,FALSE,FALSE,FALSE,FALSE
2002,"CMR","Cameroon",-369.51067235824,0.409090909090909,0.272727272727273,21,FALSE,FALSE,FALSE,FALSE
2003,"CMR","Cameroon",-410.82080804267,0.272727272727273,0.136363636363636,21,FALSE,FALSE,FALSE,FALSE
2004,"CMR","Cameroon",-421.733018682339,0.272727272727273,0.136363636363636,21,FALSE,FALSE,FALSE,FALSE
2005,"CMR","Cameroon",-634.45526475277,0.363636363636364,0.181818181818182,21,FALSE,FALSE,FALSE,FALSE
2006,"CMR","Cameroon",-954.380059645622,0.318181818181818,0.181818181818182,21,FALSE,FALSE,FALSE,FALSE
2007,"CMR","Cameroon",-1221.2208729731,0.272727272727273,0.136363636363636,21,FALSE,FALSE,FALSE,FALSE
2008,"CMR","Cameroon",-2062.77905149648,0.181818181818182,0.136363636363636,21,FALSE,FALSE,FALSE,FALSE
2009,"CMR","Cameroon",-2138.50051220145,0.136363636363636,0.0909090909090909,21,FALSE,FALSE,TRUE,FALSE
2010,"CMR","Cameroon",-2613.94379257989,0.227272727272727,0.136363636363636,21,FALSE,FALSE,FALSE,FALSE
2011,"CMR","Cameroon",-3416.77509510981,0.136363636363636,0.0909090909090909,21,FALSE,FALSE,TRUE,FALSE
2012,"CMR","Cameroon",-4239.25382319708,0.136363636363636,0.0909090909090909,21,FALSE,FALSE,TRUE,FALSE
2013,"CMR","Cameroon",-4572.39804757359,0.0454545454545455,0.0454545454545455,21,TRUE,TRUE,TRUE,TRUE
2014,"CMR","Cameroon",-4960.44527084001,0.0909090909090909,0.0454545454545455,21,TRUE,FALSE,TRUE,TRUE
2015,"CMR","Cameroon",-4069.95443152364,0.0909090909090909,0.0454545454545455,21,TRUE,FALSE,TRUE,TRUE
2016,"CMR","Cameroon",-4017.38362949075,0.0909090909090909,0.0454545454545455,21,TRUE,FALSE,TRUE,TRUE
2017,"CMR","Cameroon",-4191.94399267998,0.0909090909090909,0.0454545454545455,21,TRUE,FALSE,TRUE,TRUE
2018,"CMR","Cameroon",-4378.22325448385,0.0909090909090909,0.0454545454545455,21,TRUE,FALSE,TRUE,TRUE
2019,"CMR","Cameroon",-4356.37320648815,0.0909090909090909,0.0454545454545455,21,TRUE,FALSE,TRUE,TRUE
1980,"CAF","Central African Republic",-27.3453876860947,0.818181818181818,0.454545454545455,21,FALSE,FALSE,FALSE,FALSE
1981,"CAF","Central African Republic",-72.1125286569828,0.545454545454545,0.272727272727273,21,FALSE,FALSE,FALSE,FALSE
1982,"CAF","Central African Republic",-38.466789647024,0.727272727272727,0.409090909090909,21,FALSE,FALSE,FALSE,FALSE
1983,"CAF","Central African Republic",-63.6825316970165,0.636363636363636,0.318181818181818,21,FALSE,FALSE,FALSE,FALSE
1984,"CAF","Central African Republic",-85.7357544258775,0.454545454545455,0.227272727272727,21,FALSE,FALSE,FALSE,FALSE
1985,"CAF","Central African Republic",-34.4674349021927,0.818181818181818,0.545454545454545,21,FALSE,FALSE,FALSE,FALSE
1986,"CAF","Central African Republic",82.700915416064,0.681818181818182,0.363636363636364,21,FALSE,FALSE,FALSE,FALSE
1987,"CAF","Central African Republic",100.866458645267,0.454545454545455,0.227272727272727,21,FALSE,FALSE,FALSE,FALSE
1988,"CAF","Central African Republic",83.4846320757565,0.545454545454545,0.318181818181818,21,FALSE,FALSE,FALSE,FALSE
1989,"CAF","Central African Republic",50.6429127930512,0.681818181818182,0.363636363636364,21,FALSE,FALSE,FALSE,FALSE
1990,"CAF","Central African Republic",7.62552599505517,0.954545454545455,0.318181818181818,21,FALSE,FALSE,FALSE,FALSE
1991,"CAF","Central African Republic",104.949247509601,0.636363636363636,0.363636363636364,21,FALSE,FALSE,FALSE,FALSE
1992,"CAF","Central African Republic",102.616515770771,0.636363636363636,0.363636363636364,21,FALSE,FALSE,FALSE,FALSE
1993,"CAF","Central African Republic",41.2063311008628,0.954545454545455,0.454545454545455,21,FALSE,FALSE,FALSE,FALSE
1994,"CAF","Central African Republic",-79.9092589280125,0.590909090909091,0.272727272727273,21,FALSE,FALSE,FALSE,FALSE
1995,"CAF","Central African Republic",-32.9038156605003,0.681818181818182,0.363636363636364,21,FALSE,FALSE,FALSE,FALSE
1996,"CAF","Central African Republic",-113.010729625316,0.363636363636364,0.227272727272727,21,FALSE,FALSE,FALSE,FALSE
1997,"CAF","Central African Republic",-150.607898928881,0.454545454545455,0.272727272727273,21,FALSE,FALSE,FALSE,FALSE
1998,"CAF","Central African Republic",-150.671715394291,0.409090909090909,0.227272727272727,21,FALSE,FALSE,FALSE,FALSE
1999,"CAF","Central African Republic",-153.850025716969,0.409090909090909,0.272727272727273,21,FALSE,FALSE,FALSE,FALSE
2000,"CAF","Central African Republic",-212.400823745374,0.363636363636364,0.227272727272727,21,FALSE,FALSE,FALSE,FALSE
2001,"CAF","Central African Republic",-225.451179254493,0.363636363636364,0.272727272727273,21,FALSE,FALSE,FALSE,FALSE
2002,"CAF","Central African Republic",-240.9025042811,0.454545454545455,0.318181818181818,21,FALSE,FALSE,FALSE,FALSE
2003,"CAF","Central African Republic",-281.59972191272,0.5,0.272727272727273,21,FALSE,FALSE,FALSE,FALSE
2004,"CAF","Central African Republic",-313.513525538424,0.409090909090909,0.181818181818182,21,FALSE,FALSE,FALSE,FALSE
2005,"CAF","Central African Republic",-370.234565693201,0.590909090909091,0.272727272727273,21,FALSE,FALSE,FALSE,FALSE
2006,"CAF","Central African Republic",-436.461179660278,0.545454545454545,0.272727272727273,21,FALSE,FALSE,FALSE,FALSE
2007,"CAF","Central African Republic",-513.945595318512,0.5,0.227272727272727,21,FALSE,FALSE,FALSE,FALSE
2008,"CAF","Central African Republic",-742.448218373121,0.545454545454545,0.227272727272727,21,FALSE,FALSE,FALSE,FALSE
2009,"CAF","Central African Republic",-782.872052308557,0.5,0.272727272727273,21,FALSE,FALSE,FALSE,FALSE
2010,"CAF","Central African Republic",-903.146319082849,0.590909090909091,0.272727272727273,21,FALSE,FALSE,FALSE,FALSE
2011,"CAF","Central African Republic",-1119.82020655611,0.545454545454545,0.227272727272727,21,FALSE,FALSE,FALSE,FALSE
2012,"CAF","Central African Republic",-1301.22740878411,0.5,0.272727272727273,21,FALSE,FALSE,FALSE,FALSE
2013,"CAF","Central African Republic",-1666.87680753948,0.454545454545455,0.227272727272727,21,FALSE,FALSE,FALSE,FALSE
2014,"CAF","Central African Republic",-1824.04785292035,0.363636363636364,0.227272727272727,21,FALSE,FALSE,FALSE,FALSE
2015,"CAF","Central African Republic",-1721.54085836797,0.363636363636364,0.227272727272727,21,FALSE,FALSE,FALSE,FALSE
2016,"CAF","Central African Republic",-2016.55828207345,0.318181818181818,0.181818181818182,21,FALSE,FALSE,FALSE,FALSE
2017,"CAF","Central African Republic",-2133.65390019177,0.318181818181818,0.181818181818182,21,FALSE,FALSE,FALSE,FALSE
2018,"CAF","Central African Republic",-2294.06558879936,0.363636363636364,0.181818181818182,21,FALSE,FALSE,FALSE,FALSE
2019,"CAF","Central African Republic",-2404.79221246152,0.318181818181818,0.181818181818182,21,FALSE,FALSE,FALSE,FALSE
1980,"TCD","Chad",4.05795660144079,0.954545454545455,0.5,21,FALSE,FALSE,FALSE,FALSE
1981,"TCD","Chad",-47.6841755719966,0.681818181818182,0.363636363636364,21,FALSE,FALSE,FALSE,FALSE
1982,"TCD","Chad",-42.5850694047039,0.727272727272727,0.409090909090909,21,FALSE,FALSE,FALSE,FALSE
1983,"TCD","Chad",-37.6006392453073,0.863636363636364,0.409090909090909,21,FALSE,FALSE,FALSE,FALSE
1984,"TCD","Chad",-30.746620655727,0.863636363636364,0.409090909090909,21,FALSE,FALSE,FALSE,FALSE
1985,"TCD","Chad",-47.1392221898045,0.681818181818182,0.409090909090909,21,FALSE,FALSE,FALSE,FALSE
1986,"TCD","Chad",-25.6023403004817,0.909090909090909,0.454545454545455,21,FALSE,FALSE,FALSE,FALSE
1987,"TCD","Chad",-20.4770951582025,0.863636363636364,0.5,21,FALSE,FALSE,FALSE,FALSE
1988,"TCD","Chad",22.428456793857,0.863636363636364,0.454545454545455,21,FALSE,FALSE,FALSE,FALSE
1989,"TCD","Chad",-10.4170335425493,0.909090909090909,0.409090909090909,21,FALSE,FALSE,FALSE,FALSE
1990,"TCD","Chad",13.0847994554994,0.909090909090909,0.318181818181818,21,FALSE,FALSE,FALSE,FALSE
1991,"TCD","Chad",33.1314355560457,0.909090909090909,0.454545454545455,21,FALSE,FALSE,FALSE,FALSE
1992,"TCD","Chad",18.9408535626205,0.909090909090909,0.454545454545455,21,FALSE,FALSE,FALSE,FALSE
1993,"TCD","Chad",-60.205278804615,0.909090909090909,0.5,21,FALSE,FALSE,FALSE,FALSE
1994,"TCD","Chad",-109.390591363315,0.363636363636364,0.227272727272727,21,FALSE,FALSE,FALSE,FALSE
1995,"TCD","Chad",-108.744231131071,0.409090909090909,0.181818181818182,21,FALSE,FALSE,FALSE,FALSE
1996,"TCD","Chad",-154.966733868395,0.363636363636364,0.227272727272727,21,FALSE,FALSE,FALSE,FALSE
1997,"TCD","Chad",-175.1962573594,0.363636363636364,0.181818181818182,21,FALSE,FALSE,FALSE,FALSE
1998,"TCD","Chad",-156.30227783841,0.363636363636364,0.227272727272727,21,FALSE,FALSE,FALSE,FALSE
1999,"TCD","Chad",-193.666540179079,0.363636363636364,0.272727272727273,21,FALSE,FALSE,FALSE,FALSE
2000,"TCD","Chad",-228.305533565469,0.363636363636364,0.227272727272727,21,FALSE,FALSE,FALSE,FALSE
2001,"TCD","Chad",-195.330867167711,0.409090909090909,0.272727272727273,21,FALSE,FALSE,FALSE,FALSE
2002,"TCD","Chad",-169.405536562619,0.681818181818182,0.454545454545455,21,FALSE,FALSE,FALSE,FALSE
2003,"TCD","Chad",-132.839545022101,0.772727272727273,0.409090909090909,21,FALSE,FALSE,FALSE,FALSE
2004,"TCD","Chad",-6.64645937669195,0.954545454545455,0.454545454545455,21,FALSE,FALSE,FALSE,FALSE
2005,"TCD","Chad",358.949855106517,0.590909090909091,0.363636363636364,21,FALSE,FALSE,FALSE,FALSE
2006,"TCD","Chad",410.519546215046,0.545454545454545,0.318181818181818,21,FALSE,FALSE,FALSE,FALSE
2007,"TCD","Chad",431.803226102767,0.681818181818182,0.363636363636364,21,FALSE,FALSE,FALSE,FALSE
2008,"TCD","Chad",534.956270906211,0.681818181818182,0.409090909090909,21,FALSE,FALSE,FALSE,FALSE
2009,"TCD","Chad",339.210103132891,0.772727272727273,0.363636363636364,21,FALSE,FALSE,FALSE,FALSE
2010,"TCD","Chad",359.614960259731,0.818181818181818,0.409090909090909,21,FALSE,FALSE,FALSE,FALSE
2011,"TCD","Chad",435.528378647961,0.818181818181818,0.409090909090909,21,FALSE,FALSE,FALSE,FALSE
2012,"TCD","Chad",447.294887364714,0.863636363636364,0.5,21,FALSE,FALSE,FALSE,FALSE
2013,"TCD","Chad",289.137289335228,1,0.5,21,FALSE,FALSE,FALSE,FALSE
2014,"TCD","Chad",124.66554622417,1,0.5,21,FALSE,FALSE,FALSE,FALSE
2015,"TCD","Chad",-290.734304132438,0.863636363636364,0.5,21,FALSE,FALSE,FALSE,FALSE
2016,"TCD","Chad",-831.458872111646,0.636363636363636,0.363636363636364,21,FALSE,FALSE,FALSE,FALSE
2017,"TCD","Chad",-998.43475558878,0.636363636363636,0.363636363636364,21,FALSE,FALSE,FALSE,FALSE
2018,"TCD","Chad",-1055.6091546975,0.590909090909091,0.363636363636364,21,FALSE,FALSE,FALSE,FALSE
2019,"TCD","Chad",-1267.38619898377,0.590909090909091,0.363636363636364,21,FALSE,FALSE,FALSE,FALSE
1980,"COG","Republic of Congo",-158.982052804238,0.363636363636364,0.136363636363636,21,FALSE,FALSE,FALSE,FALSE
1981,"COG","Republic of Congo",48.8306484977778,0.681818181818182,0.363636363636364,21,FALSE,FALSE,FALSE,FALSE
1982,"COG","Republic of Congo",194.673338727029,0.272727272727273,0.181818181818182,21,FALSE,FALSE,FALSE,FALSE
1983,"COG","Republic of Congo",113.891316006725,0.454545454545455,0.272727272727273,21,FALSE,FALSE,FALSE,FALSE
1984,"COG","Republic of Congo",231.003806300751,0.272727272727273,0.181818181818182,21,FALSE,FALSE,FALSE,FALSE
1985,"COG","Republic of Congo",323.680613745642,0.227272727272727,0.181818181818182,21,FALSE,FALSE,FALSE,FALSE
1986,"COG","Republic of Congo",136.666330513594,0.454545454545455,0.227272727272727,21,FALSE,FALSE,FALSE,FALSE
1987,"COG","Republic of Congo",168.099407335973,0.318181818181818,0.227272727272727,21,FALSE,FALSE,FALSE,FALSE
1988,"COG","Republic of Congo",42.148240619117,0.681818181818182,0.409090909090909,21,FALSE,FALSE,FALSE,FALSE
1989,"COG","Republic of Congo",107.047144617134,0.590909090909091,0.363636363636364,21,FALSE,FALSE,FALSE,FALSE
1990,"COG","Republic of Congo",-63.9382787438383,0.681818181818182,0.454545454545455,21,FALSE,FALSE,FALSE,FALSE
1991,"COG","Republic of Congo",236.48258282193,0.363636363636364,0.318181818181818,21,FALSE,FALSE,FALSE,FALSE
1992,"COG","Republic of Congo",190.216746833662,0.454545454545455,0.318181818181818,21,FALSE,FALSE,FALSE,FALSE
1993,"COG","Republic of Congo",112.733598803954,0.545454545454545,0.363636363636364,21,FALSE,FALSE,FALSE,FALSE
1994,"COG","Republic of Congo",-330.170871360257,0.181818181818182,0.0909090909090909,21,FALSE,FALSE,TRUE,FALSE
1995,"COG","Republic of Congo",-316.649208730229,0.181818181818182,0.0909090909090909,21,FALSE,FALSE,TRUE,FALSE
1996,"COG","Republic of Congo",-158.379157635504,0.363636363636364,0.227272727272727,21,FALSE,FALSE,FALSE,FALSE
1997,"COG","Republic of Congo",-299.519951782011,0.181818181818182,0.0909090909090909,21,FALSE,FALSE,TRUE,FALSE
1998,"COG","Republic of Congo",-371.238229468841,0.181818181818182,0.0909090909090909,21,FALSE,FALSE,TRUE,FALSE
1999,"COG","Republic of Congo",-255.988954150848,0.227272727272727,0.136363636363636,21,FALSE,FALSE,FALSE,FALSE
2000,"COG","Republic of Congo",-11.7872033804781,1,0.590909090909091,21,FALSE,FALSE,FALSE,FALSE
2001,"COG","Republic of Congo",-72.905574434009,0.636363636363636,0.409090909090909,21,FALSE,FALSE,FALSE,FALSE
2002,"COG","Republic of Congo",41.3475029398047,0.909090909090909,0.454545454545455,21,FALSE,FALSE,FALSE,FALSE
2003,"COG","Republic of Congo",-146.083697352114,0.772727272727273,0.409090909090909,21,FALSE,FALSE,FALSE,FALSE
2004,"COG","Republic of Congo",-206.212727068232,0.772727272727273,0.409090909090909,21,FALSE,FALSE,FALSE,FALSE
2005,"COG","Republic of Congo",133.062956371783,0.772727272727273,0.363636363636364,21,FALSE,FALSE,FALSE,FALSE
2006,"COG","Republic of Congo",267.328971089052,0.590909090909091,0.318181818181818,21,FALSE,FALSE,FALSE,FALSE
2007,"COG","Republic of Congo",252.433405701928,0.818181818181818,0.409090909090909,21,FALSE,FALSE,FALSE,FALSE
2008,"COG","Republic of Congo",794.318698506623,0.5,0.318181818181818,21,FALSE,FALSE,FALSE,FALSE
2009,"COG","Republic of Congo",247.158101225076,0.909090909090909,0.454545454545455,21,FALSE,FALSE,FALSE,FALSE
2010,"COG","Republic of Congo",439.361518523001,0.772727272727273,0.409090909090909,21,FALSE,FALSE,FALSE,FALSE
2011,"COG","Republic of Congo",580.566203173663,0.681818181818182,0.409090909090909,21,FALSE,FALSE,FALSE,FALSE
2012,"COG","Republic of Congo",856.75635956591,0.636363636363636,0.409090909090909,21,FALSE,FALSE,FALSE,FALSE
2013,"COG","Republic of Congo",963.763985065879,0.727272727272727,0.454545454545455,21,FALSE,FALSE,FALSE,FALSE
2014,"COG","Republic of Congo",838.30148067641,0.681818181818182,0.363636363636364,21,FALSE,FALSE,FALSE,FALSE
2015,"COG","Republic of Congo",-54.7000292836215,1,0.590909090909091,21,FALSE,FALSE,FALSE,FALSE
2016,"COG","Republic of Congo",-232.833385907121,0.909090909090909,0.545454545454545,21,FALSE,FALSE,FALSE,FALSE
2017,"COG","Republic of Congo",-517.55771274419,0.727272727272727,0.409090909090909,21,FALSE,FALSE,FALSE,FALSE
2018,"COG","Republic of Congo",-193.665242713008,0.954545454545455,0.5,21,FALSE,FALSE,FALSE,FALSE
2019,"COG","Republic of Congo",-200.736076800194,0.954545454545455,0.5,21,FALSE,FALSE,FALSE,FALSE
1980,"GAB","Gabon",2365.71648228013,0.0909090909090909,0.0909090909090909,21,TRUE,FALSE,TRUE,FALSE
1981,"GAB","Gabon",1910.81039467877,0.0909090909090909,0.0909090909090909,21,TRUE,FALSE,TRUE,FALSE
1982,"GAB","Gabon",1414.38997949919,0.0909090909090909,0.0909090909090909,21,TRUE,FALSE,TRUE,FALSE
1983,"GAB","Gabon",921.632425290434,0.0909090909090909,0.0909090909090909,21,TRUE,FALSE,TRUE,FALSE
1984,"GAB","Gabon",944.946526269148,0.136363636363636,0.136363636363636,21,FALSE,FALSE,FALSE,FALSE
1985,"GAB","Gabon",635.150253409908,0.136363636363636,0.136363636363636,21,FALSE,FALSE,FALSE,FALSE
1986,"GAB","Gabon",404.161686581676,0.136363636363636,0.136363636363636,21,FALSE,FALSE,FALSE,FALSE
1987,"GAB","Gabon",-314.460109208079,0.136363636363636,0.0454545454545455,21,FALSE,FALSE,TRUE,TRUE
1988,"GAB","Gabon",-66.1093427754213,0.590909090909091,0.318181818181818,21,FALSE,FALSE,FALSE,FALSE
1989,"GAB","Gabon",-47.7858155802624,0.681818181818182,0.363636363636364,21,FALSE,FALSE,FALSE,FALSE
1990,"GAB","Gabon",-13.3587869831272,0.909090909090909,0.636363636363636,21,FALSE,FALSE,FALSE,FALSE
1991,"GAB","Gabon",1794.34176271095,0.136363636363636,0.0909090909090909,21,FALSE,FALSE,TRUE,FALSE
1992,"GAB","Gabon",1833.05769480912,0.0909090909090909,0.0454545454545455,21,TRUE,FALSE,TRUE,TRUE
1993,"GAB","Gabon",492.658695693048,0.227272727272727,0.136363636363636,21,FALSE,FALSE,FALSE,FALSE
1994,"GAB","Gabon",-12.4903756383005,0.909090909090909,0.454545454545455,21,FALSE,FALSE,FALSE,FALSE
1995,"GAB","Gabon",335.865871165631,0.181818181818182,0.136363636363636,21,FALSE,FALSE,FALSE,FALSE
1996,"GAB","Gabon",731.318083867424,0.181818181818182,0.136363636363636,21,FALSE,FALSE,FALSE,FALSE
1997,"GAB","Gabon",-5.30754307479856,1,0.727272727272727,21,FALSE,FALSE,FALSE,FALSE
1998,"GAB","Gabon",-1131.98360356263,0.136363636363636,0.0909090909090909,21,FALSE,FALSE,TRUE,FALSE
1999,"GAB","Gabon",-1397.15439952954,0.0909090909090909,0.0454545454545455,21,TRUE,FALSE,TRUE,TRUE
2000,"GAB","Gabon",-1409.83522925116,0.0909090909090909,0.0454545454545455,21,TRUE,FALSE,TRUE,TRUE
2001,"GAB","Gabon",-1311.33599556801,0.136363636363636,0.0454545454545455,21,FALSE,FALSE,TRUE,TRUE
2002,"GAB","Gabon",-1121.75399267178,0.136363636363636,0.0454545454545455,21,FALSE,FALSE,TRUE,TRUE
2003,"GAB","Gabon",-698.642576261477,0.227272727272727,0.136363636363636,21,FALSE,FALSE,FALSE,FALSE
2004,"GAB","Gabon",-688.898745362098,0.227272727272727,0.136363636363636,21,FALSE,FALSE,FALSE,FALSE
2005,"GAB","Gabon",-287.38919868107,0.681818181818182,0.363636363636364,21,FALSE,FALSE,FALSE,FALSE
2006,"GAB","Gabon",-735.189870340041,0.363636363636364,0.181818181818182,21,FALSE,FALSE,FALSE,FALSE
2007,"GAB","Gabon",-494.769325253656,0.545454545454545,0.272727272727273,21,FALSE,FALSE,FALSE,FALSE
2008,"GAB","Gabon",795.372667906784,0.5,0.318181818181818,21,FALSE,FALSE,FALSE,FALSE
2009,"GAB","Gabon",-998.480898558068,0.454545454545455,0.272727272727273,21,FALSE,FALSE,FALSE,FALSE
2010,"GAB","Gabon",-2058.79717516765,0.227272727272727,0.136363636363636,21,FALSE,FALSE,FALSE,FALSE
2011,"GAB","Gabon",-657.516384989816,0.681818181818182,0.318181818181818,21,FALSE,FALSE,FALSE,FALSE
2012,"GAB","Gabon",-1900.25776867894,0.318181818181818,0.136363636363636,21,FALSE,FALSE,FALSE,FALSE
2013,"GAB","Gabon",-1664.52139365964,0.454545454545455,0.227272727272727,21,FALSE,FALSE,FALSE,FALSE
2014,"GAB","Gabon",-1498.98233993558,0.454545454545455,0.227272727272727,21,FALSE,FALSE,FALSE,FALSE
2015,"GAB","Gabon",-3037.03000928587,0.136363636363636,0.0454545454545455,21,FALSE,FALSE,TRUE,TRUE
2016,"GAB","Gabon",-3182.62614858827,0.0909090909090909,0.0454545454545455,21,TRUE,FALSE,TRUE,TRUE
2017,"GAB","Gabon",-3344.0791792835,0.136363636363636,0.0909090909090909,21,FALSE,FALSE,TRUE,FALSE
2018,"GAB","Gabon",-3307.28160371253,0.181818181818182,0.136363636363636,21,FALSE,FALSE,FALSE,FALSE
2019,"GAB","Gabon",-3445.20118001169,0.136363636363636,0.0909090909090909,21,FALSE,FALSE,TRUE,FALSE
1980,"GNQ","Equatorial Guinea",-130.514240910012,0.454545454545455,0.181818181818182,21,FALSE,FALSE,FALSE,FALSE
1981,"GNQ","Equatorial Guinea",-200.402179427894,0.318181818181818,0.136363636363636,21,FALSE,FALSE,FALSE,FALSE
1982,"GNQ","Equatorial Guinea",-180.513672132516,0.272727272727273,0.136363636363636,21,FALSE,FALSE,FALSE,FALSE
1983,"GNQ","Equatorial Guinea",-212.155393860561,0.272727272727273,0.136363636363636,21,FALSE,FALSE,FALSE,FALSE
1984,"GNQ","Equatorial Guinea",-203.299802912623,0.272727272727273,0.136363636363636,21,FALSE,FALSE,FALSE,FALSE
1985,"GNQ","Equatorial Guinea",-178.239315536881,0.363636363636364,0.181818181818182,21,FALSE,FALSE,FALSE,FALSE
1986,"GNQ","Equatorial Guinea",-196.18744023369,0.318181818181818,0.181818181818182,21,FALSE,FALSE,FALSE,FALSE
1987,"GNQ","Equatorial Guinea",-250.093811692226,0.227272727272727,0.0909090909090909,21,FALSE,FALSE,TRUE,FALSE
1988,"GNQ","Equatorial Guinea",-285.431379018005,0.227272727272727,0.0909090909090909,21,FALSE,FALSE,TRUE,FALSE
1989,"GNQ","Equatorial Guinea",-297.502347159898,0.227272727272727,0.0909090909090909,21,FALSE,FALSE,TRUE,FALSE
1990,"GNQ","Equatorial Guinea",-284.163106844185,0.272727272727273,0.0909090909090909,21,FALSE,FALSE,TRUE,FALSE
1991,"GNQ","Equatorial Guinea",-213.472573924715,0.409090909090909,0.136363636363636,21,FALSE,FALSE,FALSE,FALSE
1992,"GNQ","Equatorial Guinea",-192.781975947275,0.454545454545455,0.181818181818182,21,FALSE,FALSE,FALSE,FALSE
1993,"GNQ","Equatorial Guinea",-193.978464239368,0.363636363636364,0.136363636363636,21,FALSE,FALSE,FALSE,FALSE
1994,"GNQ","Equatorial Guinea",-329.445501608812,0.181818181818182,0.0909090909090909,21,FALSE,FALSE,TRUE,FALSE
1995,"GNQ","Equatorial Guinea",-328.329891268101,0.181818181818182,0.0909090909090909,21,FALSE,FALSE,TRUE,FALSE
1996,"GNQ","Equatorial Guinea",-211.459434649195,0.318181818181818,0.181818181818182,21,FALSE,FALSE,FALSE,FALSE
1997,"GNQ","Equatorial Guinea",35.7914707649007,0.772727272727273,0.272727272727273,21,FALSE,FALSE,FALSE,FALSE
1998,"GNQ","Equatorial Guinea",-115.236300193593,0.454545454545455,0.272727272727273,21,FALSE,FALSE,FALSE,FALSE
1999,"GNQ","Equatorial Guinea",189.582482101869,0.363636363636364,0.136363636363636,21,FALSE,FALSE,FALSE,FALSE
2000,"GNQ","Equatorial Guinea",660.727345449522,0.136363636363636,0.136363636363636,21,FALSE,FALSE,FALSE,FALSE
2001,"GNQ","Equatorial Guinea",1073.30192374506,0.136363636363636,0.136363636363636,21,FALSE,FALSE,FALSE,FALSE
2002,"GNQ","Equatorial Guinea",1307.87812539528,0.136363636363636,0.136363636363636,21,FALSE,FALSE,FALSE,FALSE
2003,"GNQ","Equatorial Guinea",1850.93843312826,0.0909090909090909,0.0909090909090909,21,TRUE,FALSE,TRUE,FALSE
2004,"GNQ","Equatorial Guinea",3711.22778927841,0.0454545454545455,0.0454545454545455,21,TRUE,TRUE,TRUE,TRUE
2005,"GNQ","Equatorial Guinea",7319.19482252531,0.0454545454545455,0.0454545454545455,21,TRUE,TRUE,TRUE,TRUE
2006,"GNQ","Equatorial Guinea",8721.79031109651,0.0454545454545455,0.0454545454545455,21,TRUE,TRUE,TRUE,TRUE
2007,"GNQ","Equatorial Guinea",10713.3652890331,0.0454545454545455,0.0454545454545455,21,TRUE,TRUE,TRUE,TRUE
2008,"GNQ","Equatorial Guinea",16231.4343996646,0.0454545454545455,0.0454545454545455,21,TRUE,TRUE,TRUE,TRUE
2009,"GNQ","Equatorial Guinea",11246.6036940953,0.0454545454545455,0.0454545454545455,21,TRUE,TRUE,TRUE,TRUE
2010,"GNQ","Equatorial Guinea",11227.6626176398,0.0454545454545455,0.0454545454545455,21,TRUE,TRUE,TRUE,TRUE
2011,"GNQ","Equatorial Guinea",14358.6565152784,0.0454545454545455,0.0454545454545455,21,TRUE,TRUE,TRUE,TRUE
2012,"GNQ","Equatorial Guinea",14507.2184844341,0.0454545454545455,0.0454545454545455,21,TRUE,TRUE,TRUE,TRUE
2013,"GNQ","Equatorial Guinea",13567.2013625282,0.0454545454545455,0.0454545454545455,21,TRUE,TRUE,TRUE,TRUE
2014,"GNQ","Equatorial Guinea",12640.5685941753,0.0454545454545455,0.0454545454545455,21,TRUE,TRUE,TRUE,TRUE
2015,"GNQ","Equatorial Guinea",6055.38055642179,0.0454545454545455,0.0454545454545455,21,TRUE,TRUE,TRUE,TRUE
2016,"GNQ","Equatorial Guinea",4234.70817769916,0.0909090909090909,0.0909090909090909,21,TRUE,FALSE,TRUE,FALSE
2017,"GNQ","Equatorial Guinea",4320.99976684241,0.0909090909090909,0.0909090909090909,21,TRUE,FALSE,TRUE,FALSE
2018,"GNQ","Equatorial Guinea",4633.10518219924,0.0454545454545455,0.0454545454545455,21,TRUE,TRUE,TRUE,TRUE
2019,"GNQ","Equatorial Guinea",3156.81382049894,0.181818181818182,0.0909090909090909,21,FALSE,FALSE,TRUE,FALSE
