"group","year","outcome","value","n_countries","outcome_label"
"CAEMC",1981,"MEU",68.5448432630535,1,"Imports from EU (% of total imports)"
"CAEMC",1981,"XEU",62.2343234446561,1,"Exports to EU (% of total exports)"
"CAEMC",1981,"exports_gdp",36.5471029675814,1,"Exports of goods and services (% of GDP)"
"CAEMC",1981,"imports_gdp",40.3849071602106,1,"Imports of goods and services (% of GDP)"
"CAEMC",1981,"trade_openness",76.932010127792,1,"Trade openness (% of GDP)"
"CAEMC",1982,"MEU",69.4358170377624,1,"Imports from EU (% of total imports)"
"CAEMC",1982,"XEU",58.4342367940154,1,"Exports to EU (% of total exports)"
"CAEMC",1982,"exports_gdp",35.7632837087123,1,"Exports of goods and services (% of GDP)"
"CAEMC",1982,"imports_gdp",36.9608699282286,1,"Imports of goods and services (% of GDP)"
"CAEMC",1982,"trade_openness",72.724153636941,1,"Trade openness (% of GDP)"
"CAEMC",1983,"MEU",63.1349289763588,1,"Imports from EU (% of total imports)"
"CAEMC",1983,"XEU",57.3717068066652,1,"Exports to EU (% of total exports)"
"CAEMC",1983,"exports_gdp",38.047138884423,1,"Exports of goods and services (% of GDP)"
"CAEMC",1983,"imports_gdp",36.9536326602064,1,"Imports of goods and services (% of GDP)"
"CAEMC",1983,"trade_openness",75.0007715446294,1,"Trade openness (% of GDP)"
"CAEMC",1984,"MEU",65.6417581933236,1,"Imports from EU (% of total imports)"
"CAEMC",1984,"XEU",62.9113341943963,1,"Exports to EU (% of total exports)"
"CAEMC",1984,"exports_gdp",39.1221200710275,1,"Exports of goods and services (% of GDP)"
"CAEMC",1984,"imports_gdp",35.2743986360136,1,"Imports of goods and services (% of GDP)"
"CAEMC",1984,"trade_openness",74.3965187070412,1,"Trade openness (% of GDP)"
"CAEMC",1985,"MEU",62.470589722117,1,"Imports from EU (% of total imports)"
"CAEMC",1985,"XEU",70.9059041629579,1,"Exports to EU (% of total exports)"
"CAEMC",1985,"exports_gdp",37.344923373344,1,"Exports of goods and services (% of GDP)"
"CAEMC",1985,"imports_gdp",41.5650171234165,1,"Imports of goods and services (% of GDP)"
"CAEMC",1985,"trade_openness",78.9099404967605,1,"Trade openness (% of GDP)"
"CAEMC",1986,"MEU",67.5592914260955,1,"Imports from EU (% of total imports)"
"CAEMC",1986,"XEU",69.8557611593878,1,"Exports to EU (% of total exports)"
"CAEMC",1986,"exports_gdp",25.9773829317312,1,"Exports of goods and services (% of GDP)"
"CAEMC",1986,"imports_gdp",39.0191464441268,1,"Imports of goods and services (% of GDP)"
"CAEMC",1986,"trade_openness",64.996529375858,1,"Trade openness (% of GDP)"
"CAEMC",1987,"MEU",70.157401268628,1,"Imports from EU (% of total imports)"
"CAEMC",1987,"XEU",77.2479850771089,1,"Exports to EU (% of total exports)"
"CAEMC",1987,"exports_gdp",26.8833744786218,1,"Exports of goods and services (% of GDP)"
"CAEMC",1987,"imports_gdp",33.8898407869333,1,"Imports of goods and services (% of GDP)"
"CAEMC",1987,"trade_openness",60.7732152655551,1,"Trade openness (% of GDP)"
"CAEMC",1988,"MEU",61.6499030979809,1,"Imports from EU (% of total imports)"
"CAEMC",1988,"XEU",73.540218514091,1,"Exports to EU (% of total exports)"
"CAEMC",1988,"exports_gdp",25.2299218757442,1,"Exports of goods and services (% of GDP)"
"CAEMC",1988,"imports_gdp",30.6672157466094,1,"Imports of goods and services (% of GDP)"
"CAEMC",1988,"trade_openness",55.8971376223536,1,"Trade openness (% of GDP)"
"CAEMC",1989,"MEU",61.7908189409085,1,"Imports from EU (% of total imports)"
"CAEMC",1989,"XEU",67.6454421065231,1,"Exports to EU (% of total exports)"
"CAEMC",1989,"exports_gdp",29.8224263388481,1,"Exports of goods and services (% of GDP)"
"CAEMC",1989,"imports_gdp",30.3336272366513,1,"Imports of goods and services (% of GDP)"
"CAEMC",1989,"trade_openness",60.1560535754994,1,"Trade openness (% of GDP)"
"CAEMC",1990,"MEU",60.9424618877785,1,"Imports from EU (% of total imports)"
"CAEMC",1990,"XEU",61.3484771146532,1,"Exports to EU (% of total exports)"
"CAEMC",1990,"exports_gdp",29.7092910708703,1,"Exports of goods and services (% of GDP)"
"CAEMC",1990,"imports_gdp",24.199359353854,1,"Imports of goods and services (% of GDP)"
"CAEMC",1990,"trade_openness",53.9086504247244,1,"Trade openness (% of GDP)"
"CAEMC",1991,"MEU",57.6031086235421,1,"Imports from EU (% of total imports)"
"CAEMC",1991,"XEU",64.26050987926,1,"Exports to EU (% of total exports)"
"CAEMC",1991,"exports_gdp",27.6870464737143,1,"Exports of goods and services (% of GDP)"
"CAEMC",1991,"imports_gdp",25.2963783077863,1,"Imports of goods and services (% of GDP)"
"CAEMC",1991,"trade_openness",52.9834247815006,1,"Trade openness (% of GDP)"
"CAEMC",1992,"MEU",63.0916341601671,1,"Imports from EU (% of total imports)"
"CAEMC",1992,"XEU",61.8604686051759,1,"Exports to EU (% of total exports)"
"CAEMC",1992,"exports_gdp",27.0542236824292,1,"Exports of goods and services (% of GDP)"
"CAEMC",1992,"imports_gdp",23.9469315690159,1,"Imports of goods and services (% of GDP)"
"CAEMC",1992,"trade_openness",51.0011552514451,1,"Trade openness (% of GDP)"
"CAEMC",1993,"MEU",62.8611175892106,1,"Imports from EU (% of total imports)"
"CAEMC",1993,"XEU",55.7047502851036,1,"Exports to EU (% of total exports)"
"CAEMC",1993,"exports_gdp",27.6889403958324,1,"Exports of goods and services (% of GDP)"
"CAEMC",1993,"imports_gdp",25.5738654307656,1,"Imports of goods and services (% of GDP)"
"CAEMC",1993,"trade_openness",53.262805826598,1,"Trade openness (% of GDP)"
"CAEMC",1994,"MEU",58.487242208046,1,"Imports from EU (% of total imports)"
"CAEMC",1994,"XEU",51.0762713556125,1,"Exports to EU (% of total exports)"
"CAEMC",1994,"exports_gdp",36.2357389270576,1,"Exports of goods and services (% of GDP)"
"CAEMC",1994,"imports_gdp",37.5703490359961,1,"Imports of goods and services (% of GDP)"
"CAEMC",1994,"trade_openness",73.8060879630537,1,"Trade openness (% of GDP)"
"CAEMC",1995,"MEU",57.1597547998591,1,"Imports from EU (% of total imports)"
"CAEMC",1995,"XEU",50.261277912825,1,"Exports to EU (% of total exports)"
"CAEMC",1995,"exports_gdp",37.9720039316629,1,"Exports of goods and services (% of GDP)"
"CAEMC",1995,"imports_gdp",35.2883802283719,1,"Imports of goods and services (% of GDP)"
"CAEMC",1995,"trade_openness",73.2603841600349,1,"Trade openness (% of GDP)"
"CAEMC",1996,"MEU",57.4601272441518,1,"Imports from EU (% of total imports)"
"CAEMC",1996,"XEU",51.9097622338345,1,"Exports to EU (% of total exports)"
"CAEMC",1996,"exports_gdp",38.8795691833207,1,"Exports of goods and services (% of GDP)"
"CAEMC",1996,"imports_gdp",33.6981537132052,1,"Imports of goods and services (% of GDP)"
"CAEMC",1996,"trade_openness",72.5777228965259,1,"Trade openness (% of GDP)"
"CAEMC",1997,"MEU",50.8247040007833,1,"Imports from EU (% of total imports)"
"CAEMC",1997,"XEU",46.6116508778802,1,"Exports to EU (% of total exports)"
"CAEMC",1997,"exports_gdp",41.7958843717272,1,"Exports of goods and services (% of GDP)"
"CAEMC",1997,"imports_gdp",35.7832533933349,1,"Imports of goods and services (% of GDP)"
"CAEMC",1997,"trade_openness",77.5791377650622,1,"Trade openness (% of GDP)"
"CAEMC",1998,"MEU",48.9470567309265,1,"Imports from EU (% of total imports)"
"CAEMC",1998,"XEU",54.5961864428042,1,"Exports to EU (% of total exports)"
"CAEMC",1998,"exports_gdp",37.3623358033355,1,"Exports of goods and services (% of GDP)"
"CAEMC",1998,"imports_gdp",39.89358693248,1,"Imports of goods and services (% of GDP)"
"CAEMC",1998,"trade_openness",77.2559227358156,1,"Trade openness (% of GDP)"
"CAEMC",1999,"MEU",49.7495465215359,1,"Imports from EU (% of total imports)"
"CAEMC",1999,"XEU",49.9343608868656,1,"Exports to EU (% of total exports)"
"CAEMC",1999,"exports_gdp",37.774589407847,1,"Exports of goods and services (% of GDP)"
"CAEMC",1999,"imports_gdp",34.242257444756,1,"Imports of goods and services (% of GDP)"
"CAEMC",1999,"trade_openness",72.016846852603,1,"Trade openness (% of GDP)"
"CAEMC",2000,"MEU",49.5968082407363,1,"Imports from EU (% of total imports)"
"CAEMC",2000,"XEU",46.8111675949411,1,"Exports to EU (% of total exports)"
"CAEMC",2000,"exports_gdp",42.2896893364067,1,"Exports of goods and services (% of GDP)"
"CAEMC",2000,"imports_gdp",31.8644529833163,1,"Imports of goods and services (% of GDP)"
"CAEMC",2000,"trade_openness",74.154142319723,1,"Trade openness (% of GDP)"
"CAEMC",2001,"MEU",49.259478450834,1,"Imports from EU (% of total imports)"
"CAEMC",2001,"XEU",47.6335016031228,1,"Exports to EU (% of total exports)"
"CAEMC",2001,"exports_gdp",37.7559035925729,1,"Exports of goods and services (% of GDP)"
"CAEMC",2001,"imports_gdp",36.2432506656748,1,"Imports of goods and services (% of GDP)"
"CAEMC",2001,"trade_openness",73.9991542582477,1,"Trade openness (% of GDP)"
"CAEMC",2002,"MEU",52.7793355464657,1,"Imports from EU (% of total imports)"
"CAEMC",2002,"XEU",48.656277340998,1,"Exports to EU (% of total exports)"
"CAEMC",2002,"exports_gdp",37.1528258154003,1,"Exports of goods and services (% of GDP)"
"CAEMC",2002,"imports_gdp",49.0784237780464,1,"Imports of goods and services (% of GDP)"
"CAEMC",2002,"trade_openness",86.2312495934466,1,"Trade openness (% of GDP)"
"CAEMC",2003,"MEU",50.6927970044381,1,"Imports from EU (% of total imports)"
"CAEMC",2003,"XEU",42.4916339978048,1,"Exports to EU (% of total exports)"
"CAEMC",2003,"exports_gdp",39.0095364590811,1,"Exports of goods and services (% of GDP)"
"CAEMC",2003,"imports_gdp",40.3940073594651,1,"Imports of goods and services (% of GDP)"
"CAEMC",2003,"trade_openness",79.4035438185462,1,"Trade openness (% of GDP)"
"CAEMC",2004,"MEU",45.1929953760229,1,"Imports from EU (% of total imports)"
"CAEMC",2004,"XEU",28.4003800404561,1,"Exports to EU (% of total exports)"
"CAEMC",2004,"exports_gdp",44.224659476185,1,"Exports of goods and services (% of GDP)"
"CAEMC",2004,"imports_gdp",33.7725453491813,1,"Imports of goods and services (% of GDP)"
"CAEMC",2004,"trade_openness",77.9972048253664,1,"Trade openness (% of GDP)"
"CAEMC",2005,"MEU",41.4573595087671,1,"Imports from EU (% of total imports)"
"CAEMC",2005,"XEU",29.4698870812885,1,"Exports to EU (% of total exports)"
"CAEMC",2005,"exports_gdp",50.4386163951905,1,"Exports of goods and services (% of GDP)"
"CAEMC",2005,"imports_gdp",31.5902295679434,1,"Imports of goods and services (% of GDP)"
"CAEMC",2005,"trade_openness",82.0288459631339,1,"Trade openness (% of GDP)"
"CAEMC",2006,"MEU",41.7381371218091,1,"Imports from EU (% of total imports)"
"CAEMC",2006,"XEU",30.0774188363029,1,"Exports to EU (% of total exports)"
"CAEMC",2006,"exports_gdp",50.6054196408843,1,"Exports of goods and services (% of GDP)"
"CAEMC",2006,"imports_gdp",31.6220529610717,1,"Imports of goods and services (% of GDP)"
"CAEMC",2006,"trade_openness",82.227472601956,1,"Trade openness (% of GDP)"
"CAEMC",2007,"MEU",41.5031130484976,1,"Imports from EU (% of total imports)"
"CAEMC",2007,"XEU",28.4689947648102,1,"Exports to EU (% of total exports)"
"CAEMC",2007,"exports_gdp",50.0330088407513,1,"Exports of goods and services (% of GDP)"
"CAEMC",2007,"imports_gdp",38.9179045873817,1,"Imports of goods and services (% of GDP)"
"CAEMC",2007,"trade_openness",88.950913428133,1,"Trade openness (% of GDP)"
"CAEMC",2008,"MEU",42.3611603210233,1,"Imports from EU (% of total imports)"
"CAEMC",2008,"XEU",31.0738686594701,1,"Exports to EU (% of total exports)"
"CAEMC",2008,"exports_gdp",50.4850662977956,1,"Exports of goods and services (% of GDP)"
"CAEMC",2008,"imports_gdp",34.7191136072928,1,"Imports of goods and services (% of GDP)"
"CAEMC",2008,"trade_openness",85.2041799050883,1,"Trade openness (% of GDP)"
"CAEMC",2009,"MEU",39.9880142782626,1,"Imports from EU (% of total imports)"
"CAEMC",2009,"XEU",34.3040068493451,1,"Exports to EU (% of total exports)"
"CAEMC",2009,"exports_gdp",42.2158451759892,1,"Exports of goods and services (% of GDP)"
"CAEMC",2009,"imports_gdp",37.7506757002114,1,"Imports of goods and services (% of GDP)"
"CAEMC",2009,"trade_openness",79.9665208762004,1,"Trade openness (% of GDP)"
"CAEMC",2010,"MEU",36.041237496368,1,"Imports from EU (% of total imports)"
"CAEMC",2010,"XEU",34.0444249056733,1,"Exports to EU (% of total exports)"
"CAEMC",2010,"exports_gdp",46.7305103146482,1,"Exports of goods and services (% of GDP)"
"CAEMC",2010,"imports_gdp",37.1513027859634,1,"Imports of goods and services (% of GDP)"
"CAEMC",2010,"trade_openness",83.8818131006115,1,"Trade openness (% of GDP)"
"CAEMC",2011,"MEU",37.3282546077654,1,"Imports from EU (% of total imports)"
"CAEMC",2011,"XEU",27.9741551684086,1,"Exports to EU (% of total exports)"
"CAEMC",2011,"exports_gdp",46.7452651923274,1,"Exports of goods and services (% of GDP)"
"CAEMC",2011,"imports_gdp",32.0895396082562,1,"Imports of goods and services (% of GDP)"
"CAEMC",2011,"trade_openness",78.8348048005835,1,"Trade openness (% of GDP)"
"CAEMC",2012,"MEU",32.3669349600009,1,"Imports from EU (% of total imports)"
"CAEMC",2012,"XEU",34.297320460939,1,"Exports to EU (% of total exports)"
"CAEMC",2012,"exports_gdp",43.2937030786728,1,"Exports of goods and services (% of GDP)"
"CAEMC",2012,"imports_gdp",30.6968496918967,1,"Imports of goods and services (% of GDP)"
"CAEMC",2012,"trade_openness",73.9905527705695,1,"Trade openness (% of GDP)"
"CAEMC",2013,"MEU",30.5768770312206,1,"Imports from EU (% of total imports)"
"CAEMC",2013,"XEU",28.4346882222444,1,"Exports to EU (% of total exports)"
"CAEMC",2013,"exports_gdp",41.1181051306495,1,"Exports of goods and services (% of GDP)"
"CAEMC",2013,"imports_gdp",30.5711990091472,1,"Imports of goods and services (% of GDP)"
"CAEMC",2013,"trade_openness",71.6893041397967,1,"Trade openness (% of GDP)"
"CAEMC",2014,"MEU",30.5199897427897,1,"Imports from EU (% of total imports)"
"CAEMC",2014,"XEU",22.8544873941533,1,"Exports to EU (% of total exports)"
"CAEMC",2014,"exports_gdp",37.8404364078445,1,"Exports of goods and services (% of GDP)"
"CAEMC",2014,"imports_gdp",33.2989396094434,1,"Imports of goods and services (% of GDP)"
"CAEMC",2014,"trade_openness",71.139376017288,1,"Trade openness (% of GDP)"
"CAEMC",2015,"MEU",27.9108994176835,1,"Imports from EU (% of total imports)"
"CAEMC",2015,"XEU",26.4839986119311,1,"Exports to EU (% of total exports)"
"CAEMC",2015,"exports_gdp",34.9188035727639,1,"Exports of goods and services (% of GDP)"
"CAEMC",2015,"imports_gdp",37.9720889269652,1,"Imports of goods and services (% of GDP)"
"CAEMC",2015,"trade_openness",72.8908924997291,1,"Trade openness (% of GDP)"
"CAEMC",2016,"MEU",28.0922373072033,1,"Imports from EU (% of total imports)"
"CAEMC",2016,"XEU",31.6790438379132,1,"Exports to EU (% of total exports)"
"CAEMC",2016,"exports_gdp",32.316091342357,1,"Exports of goods and services (% of GDP)"
"CAEMC",2016,"imports_gdp",37.704112083349,1,"Imports of goods and services (% of GDP)"
"CAEMC",2016,"trade_openness",70.0202034257061,1,"Trade openness (% of GDP)"
"CAEMC",2017,"MEU",33.283768433639,1,"Imports from EU (% of total imports)"
"CAEMC",2017,"XEU",32.4187559250644,1,"Exports to EU (% of total exports)"
"CAEMC",2017,"exports_gdp",35.9748464930646,1,"Exports of goods and services (% of GDP)"
"CAEMC",2017,"imports_gdp",32.6496072832738,1,"Imports of goods and services (% of GDP)"
"CAEMC",2017,"trade_openness",68.6244537763384,1,"Trade openness (% of GDP)"
"CAEMC",2018,"MEU",29.0831460894828,1,"Imports from EU (% of total imports)"
"CAEMC",2018,"XEU",27.7520935356732,1,"Exports to EU (% of total exports)"
"CAEMC",2018,"exports_gdp",39.4408780409363,1,"Exports of goods and services (% of GDP)"
"CAEMC",2018,"imports_gdp",30.267743753305,1,"Imports of goods and services (% of GDP)"
"CAEMC",2018,"trade_openness",69.7086217942413,1,"Trade openness (% of GDP)"
"CAEMC",2019,"MEU",28.0677345449574,1,"Imports from EU (% of total imports)"
"CAEMC",2019,"XEU",16.6266746347428,1,"Exports to EU (% of total exports)"
"CAEMC",2019,"exports_gdp",36.555760810128,1,"Exports of goods and services (% of GDP)"
"CAEMC",2019,"imports_gdp",30.1116849618489,1,"Imports of goods and services (% of GDP)"
"CAEMC",2019,"trade_openness",66.6674457719769,1,"Trade openness (% of GDP)"
"Donor pool",1981,"MEU",19.6619635827913,1,"Imports from EU (% of total imports)"
"Donor pool",1981,"XEU",21.9805768884817,1,"Exports to EU (% of total exports)"
"Donor pool",1981,"exports_gdp",29.5665761816551,1,"Exports of goods and services (% of GDP)"
"Donor pool",1981,"imports_gdp",56.1802092334464,1,"Imports of goods and services (% of GDP)"
"Donor pool",1981,"trade_openness",85.7467854151015,1,"Trade openness (% of GDP)"
"Donor pool",1982,"MEU",20.0875725968995,1,"Imports from EU (% of total imports)"
"Donor pool",1982,"XEU",18.5626896998793,1,"Exports to EU (% of total exports)"
"Donor pool",1982,"exports_gdp",29.2089918844735,1,"Exports of goods and services (% of GDP)"
"Donor pool",1982,"imports_gdp",50.3405647595816,1,"Imports of goods and services (% of GDP)"
"Donor pool",1982,"trade_openness",79.5495566440552,1,"Trade openness (% of GDP)"
"Donor pool",1983,"MEU",20.0720316574289,1,"Imports from EU (% of total imports)"
"Donor pool",1983,"XEU",17.1400788662159,1,"Exports to EU (% of total exports)"
"Donor pool",1983,"exports_gdp",28.9059456916491,1,"Exports of goods and services (% of GDP)"
"Donor pool",1983,"imports_gdp",43.7874788345676,1,"Imports of goods and services (% of GDP)"
"Donor pool",1983,"trade_openness",72.6934245262168,1,"Trade openness (% of GDP)"
"Donor pool",1984,"MEU",18.1359765969032,1,"Imports from EU (% of total imports)"
"Donor pool",1984,"XEU",16.8629827369532,1,"Exports to EU (% of total exports)"
"Donor pool",1984,"exports_gdp",26.9227987934092,1,"Exports of goods and services (% of GDP)"
"Donor pool",1984,"imports_gdp",39.8152307751079,1,"Imports of goods and services (% of GDP)"
"Donor pool",1984,"trade_openness",66.7380295685171,1,"Trade openness (% of GDP)"
"Donor pool",1985,"MEU",20.4303888723624,1,"Imports from EU (% of total imports)"
"Donor pool",1985,"XEU",15.0233929922252,1,"Exports to EU (% of total exports)"
"Donor pool",1985,"exports_gdp",28.6457472080157,1,"Exports of goods and services (% of GDP)"
"Donor pool",1985,"imports_gdp",40.0852341863182,1,"Imports of goods and services (% of GDP)"
"Donor pool",1985,"trade_openness",68.7309813943339,1,"Trade openness (% of GDP)"
"Donor pool",1986,"MEU",22.3265112475906,1,"Imports from EU (% of total imports)"
"Donor pool",1986,"XEU",18.7973178366698,1,"Exports to EU (% of total exports)"
"Donor pool",1986,"exports_gdp",27.6834536162326,1,"Exports of goods and services (% of GDP)"
"Donor pool",1986,"imports_gdp",38.2764943313272,1,"Imports of goods and services (% of GDP)"
"Donor pool",1986,"trade_openness",65.9599479475598,1,"Trade openness (% of GDP)"
"Donor pool",1987,"MEU",20.2070787327099,1,"Imports from EU (% of total imports)"
"Donor pool",1987,"XEU",23.5399107017282,1,"Exports to EU (% of total exports)"
"Donor pool",1987,"exports_gdp",31.3896827309985,1,"Exports of goods and services (% of GDP)"
"Donor pool",1987,"imports_gdp",40.444759196128,1,"Imports of goods and services (% of GDP)"
"Donor pool",1987,"trade_openness",71.8344419271266,1,"Trade openness (% of GDP)"
"Donor pool",1988,"MEU",19.4342023144105,1,"Imports from EU (% of total imports)"
"Donor pool",1988,"XEU",24.0376896710588,1,"Exports to EU (% of total exports)"
"Donor pool",1988,"exports_gdp",30.985238132797,1,"Exports of goods and services (% of GDP)"
"Donor pool",1988,"imports_gdp",40.5899878811163,1,"Imports of goods and services (% of GDP)"
"Donor pool",1988,"trade_openness",71.5752260139133,1,"Trade openness (% of GDP)"
"Donor pool",1989,"MEU",19.6738522370021,1,"Imports from EU (% of total imports)"
"Donor pool",1989,"XEU",23.7787925910828,1,"Exports to EU (% of total exports)"
"Donor pool",1989,"exports_gdp",31.0225696836913,1,"Exports of goods and services (% of GDP)"
"Donor pool",1989,"imports_gdp",40.983176067679,1,"Imports of goods and services (% of GDP)"
"Donor pool",1989,"trade_openness",72.0057457513703,1,"Trade openness (% of GDP)"
"Donor pool",1990,"MEU",20.2978521757062,1,"Imports from EU (% of total imports)"
"Donor pool",1990,"XEU",30.4640109700089,1,"Exports to EU (% of total exports)"
"Donor pool",1990,"exports_gdp",29.2800102270025,1,"Exports of goods and services (% of GDP)"
"Donor pool",1990,"imports_gdp",40.1101832300741,1,"Imports of goods and services (% of GDP)"
"Donor pool",1990,"trade_openness",69.3901934570766,1,"Trade openness (% of GDP)"
"Donor pool",1991,"MEU",20.1949310504022,1,"Imports from EU (% of total imports)"
"Donor pool",1991,"XEU",29.1718141167107,1,"Exports to EU (% of total exports)"
"Donor pool",1991,"exports_gdp",32.2178111596373,1,"Exports of goods and services (% of GDP)"
"Donor pool",1991,"imports_gdp",41.0716798926653,1,"Imports of goods and services (% of GDP)"
"Donor pool",1991,"trade_openness",73.2894910523026,1,"Trade openness (% of GDP)"
"Donor pool",1992,"MEU",19.1779949097028,1,"Imports from EU (% of total imports)"
"Donor pool",1992,"XEU",33.8556847387853,1,"Exports to EU (% of total exports)"
"Donor pool",1992,"exports_gdp",35.4071709413352,1,"Exports of goods and services (% of GDP)"
"Donor pool",1992,"imports_gdp",44.6289664859769,1,"Imports of goods and services (% of GDP)"
"Donor pool",1992,"trade_openness",80.0361374273121,1,"Trade openness (% of GDP)"
"Donor pool",1993,"MEU",18.611961993412,1,"Imports from EU (% of total imports)"
"Donor pool",1993,"XEU",21.4634903932571,1,"Exports to EU (% of total exports)"
"Donor pool",1993,"exports_gdp",35.6190166692335,1,"Exports of goods and services (% of GDP)"
"Donor pool",1993,"imports_gdp",43.5376730768744,1,"Imports of goods and services (% of GDP)"
"Donor pool",1993,"trade_openness",79.1566897461079,1,"Trade openness (% of GDP)"
"Donor pool",1994,"MEU",18.7952704652023,1,"Imports from EU (% of total imports)"
"Donor pool",1994,"XEU",24.9279303677656,1,"Exports to EU (% of total exports)"
"Donor pool",1994,"exports_gdp",35.0621341412186,1,"Exports of goods and services (% of GDP)"
"Donor pool",1994,"imports_gdp",44.368135197676,1,"Imports of goods and services (% of GDP)"
"Donor pool",1994,"trade_openness",79.4302693388947,1,"Trade openness (% of GDP)"
"Donor pool",1995,"MEU",19.3031949724327,1,"Imports from EU (% of total imports)"
"Donor pool",1995,"XEU",25.1876626578642,1,"Exports to EU (% of total exports)"
"Donor pool",1995,"exports_gdp",36.1462046175581,1,"Exports of goods and services (% of GDP)"
"Donor pool",1995,"imports_gdp",45.1932037234657,1,"Imports of goods and services (% of GDP)"
"Donor pool",1995,"trade_openness",81.3394083410238,1,"Trade openness (% of GDP)"
"Donor pool",1996,"MEU",17.1283905648272,1,"Imports from EU (% of total imports)"
"Donor pool",1996,"XEU",24.6205386288495,1,"Exports to EU (% of total exports)"
"Donor pool",1996,"exports_gdp",37.34279398986,1,"Exports of goods and services (% of GDP)"
"Donor pool",1996,"imports_gdp",45.994003390868,1,"Imports of goods and services (% of GDP)"
"Donor pool",1996,"trade_openness",83.336797380728,1,"Trade openness (% of GDP)"
"Donor pool",1997,"MEU",18.1948402441224,1,"Imports from EU (% of total imports)"
"Donor pool",1997,"XEU",34.021282893253,1,"Exports to EU (% of total exports)"
"Donor pool",1997,"exports_gdp",39.4452828435973,1,"Exports of goods and services (% of GDP)"
"Donor pool",1997,"imports_gdp",48.5922656916432,1,"Imports of goods and services (% of GDP)"
"Donor pool",1997,"trade_openness",88.0375485352405,1,"Trade openness (% of GDP)"
"Donor pool",1998,"MEU",19.273544925564,1,"Imports from EU (% of total imports)"
"Donor pool",1998,"XEU",31.468402732101,1,"Exports to EU (% of total exports)"
"Donor pool",1998,"exports_gdp",38.7713530677134,1,"Exports of goods and services (% of GDP)"
"Donor pool",1998,"imports_gdp",50.9969906537094,1,"Imports of goods and services (% of GDP)"
"Donor pool",1998,"trade_openness",89.7683437214229,1,"Trade openness (% of GDP)"
"Donor pool",1999,"MEU",20.8991976310877,1,"Imports from EU (% of total imports)"
"Donor pool",1999,"XEU",30.0756323346778,1,"Exports to EU (% of total exports)"
"Donor pool",1999,"exports_gdp",39.9639320494585,1,"Exports of goods and services (% of GDP)"
"Donor pool",1999,"imports_gdp",49.6381192689187,1,"Imports of goods and services (% of GDP)"
"Donor pool",1999,"trade_openness",89.6020513183771,1,"Trade openness (% of GDP)"
"Donor pool",2000,"MEU",18.6755016703131,1,"Imports from EU (% of total imports)"
"Donor pool",2000,"XEU",22.2511596387668,1,"Exports to EU (% of total exports)"
"Donor pool",2000,"exports_gdp",45.1593329851808,1,"Exports of goods and services (% of GDP)"
"Donor pool",2000,"imports_gdp",48.3320850133638,1,"Imports of goods and services (% of GDP)"
"Donor pool",2000,"trade_openness",93.4914179985446,1,"Trade openness (% of GDP)"
"Donor pool",2001,"MEU",18.6601473653004,1,"Imports from EU (% of total imports)"
"Donor pool",2001,"XEU",26.113819088076,1,"Exports to EU (% of total exports)"
"Donor pool",2001,"exports_gdp",43.4454730959341,1,"Exports of goods and services (% of GDP)"
"Donor pool",2001,"imports_gdp",50.0184843532721,1,"Imports of goods and services (% of GDP)"
"Donor pool",2001,"trade_openness",93.4639574492062,1,"Trade openness (% of GDP)"
"Donor pool",2002,"MEU",19.7109030493821,1,"Imports from EU (% of total imports)"
"Donor pool",2002,"XEU",24.4293680330477,1,"Exports to EU (% of total exports)"
"Donor pool",2002,"exports_gdp",43.1429140112017,1,"Exports of goods and services (% of GDP)"
"Donor pool",2002,"imports_gdp",47.4039077321887,1,"Imports of goods and services (% of GDP)"
"Donor pool",2002,"trade_openness",90.5468217433904,1,"Trade openness (% of GDP)"
"Donor pool",2003,"MEU",19.3185655280075,1,"Imports from EU (% of total imports)"
"Donor pool",2003,"XEU",24.7805323106942,1,"Exports to EU (% of total exports)"
"Donor pool",2003,"exports_gdp",43.0354094504135,1,"Exports of goods and services (% of GDP)"
"Donor pool",2003,"imports_gdp",48.56391858652,1,"Imports of goods and services (% of GDP)"
"Donor pool",2003,"trade_openness",91.5993280369335,1,"Trade openness (% of GDP)"
"Donor pool",2004,"MEU",18.0020580214874,1,"Imports from EU (% of total imports)"
"Donor pool",2004,"XEU",25.9202449761199,1,"Exports to EU (% of total exports)"
"Donor pool",2004,"exports_gdp",41.4098224232598,1,"Exports of goods and services (% of GDP)"
"Donor pool",2004,"imports_gdp",48.7590424952083,1,"Imports of goods and services (% of GDP)"
"Donor pool",2004,"trade_openness",90.1688649184681,1,"Trade openness (% of GDP)"
"Donor pool",2005,"MEU",18.8545888244805,1,"Imports from EU (% of total imports)"
"Donor pool",2005,"XEU",24.5664682756961,1,"Exports to EU (% of total exports)"
"Donor pool",2005,"exports_gdp",43.7176586313492,1,"Exports of goods and services (% of GDP)"
"Donor pool",2005,"imports_gdp",50.9489561023703,1,"Imports of goods and services (% of GDP)"
"Donor pool",2005,"trade_openness",94.6666147337195,1,"Trade openness (% of GDP)"
"Donor pool",2006,"MEU",18.0265485613652,1,"Imports from EU (% of total imports)"
"Donor pool",2006,"XEU",23.3094784819012,1,"Exports to EU (% of total exports)"
"Donor pool",2006,"exports_gdp",44.7917295516121,1,"Exports of goods and services (% of GDP)"
"Donor pool",2006,"imports_gdp",45.1308576489096,1,"Imports of goods and services (% of GDP)"
"Donor pool",2006,"trade_openness",89.9225872005217,1,"Trade openness (% of GDP)"
"Donor pool",2007,"MEU",18.400622815934,1,"Imports from EU (% of total imports)"
"Donor pool",2007,"XEU",25.2186265081197,1,"Exports to EU (% of total exports)"
"Donor pool",2007,"exports_gdp",45.093621674618,1,"Exports of goods and services (% of GDP)"
"Donor pool",2007,"imports_gdp",49.8349722222678,1,"Imports of goods and services (% of GDP)"
"Donor pool",2007,"trade_openness",94.9285938968858,1,"Trade openness (% of GDP)"
"Donor pool",2008,"MEU",17.2787014337253,1,"Imports from EU (% of total imports)"
"Donor pool",2008,"XEU",24.2523146075154,1,"Exports to EU (% of total exports)"
"Donor pool",2008,"exports_gdp",47.0642745631664,1,"Exports of goods and services (% of GDP)"
"Donor pool",2008,"imports_gdp",55.1198019078558,1,"Imports of goods and services (% of GDP)"
"Donor pool",2008,"trade_openness",102.184076471022,1,"Trade openness (% of GDP)"
"Donor pool",2009,"MEU",17.6731142831948,1,"Imports from EU (% of total imports)"
"Donor pool",2009,"XEU",26.0669904711337,1,"Exports to EU (% of total exports)"
"Donor pool",2009,"exports_gdp",41.4280806015046,1,"Exports of goods and services (% of GDP)"
"Donor pool",2009,"imports_gdp",56.1832865338901,1,"Imports of goods and services (% of GDP)"
"Donor pool",2009,"trade_openness",97.6113671353946,1,"Trade openness (% of GDP)"
"Donor pool",2010,"MEU",16.6383509661257,1,"Imports from EU (% of total imports)"
"Donor pool",2010,"XEU",26.632036529331,1,"Exports to EU (% of total exports)"
"Donor pool",2010,"exports_gdp",41.7187963151955,1,"Exports of goods and services (% of GDP)"
"Donor pool",2010,"imports_gdp",55.1925345863424,1,"Imports of goods and services (% of GDP)"
"Donor pool",2010,"trade_openness",96.911330901538,1,"Trade openness (% of GDP)"
"Donor pool",2011,"MEU",16.8823572700212,1,"Imports from EU (% of total imports)"
"Donor pool",2011,"XEU",21.5214353088547,1,"Exports to EU (% of total exports)"
"Donor pool",2011,"exports_gdp",45.3122757434191,1,"Exports of goods and services (% of GDP)"
"Donor pool",2011,"imports_gdp",56.2322090234119,1,"Imports of goods and services (% of GDP)"
"Donor pool",2011,"trade_openness",101.544484766831,1,"Trade openness (% of GDP)"
"Donor pool",2012,"MEU",16.7669577719664,1,"Imports from EU (% of total imports)"
"Donor pool",2012,"XEU",20.6478576477339,1,"Exports to EU (% of total exports)"
"Donor pool",2012,"exports_gdp",45.3232796761489,1,"Exports of goods and services (% of GDP)"
"Donor pool",2012,"imports_gdp",57.9645975349703,1,"Imports of goods and services (% of GDP)"
"Donor pool",2012,"trade_openness",103.287877211119,1,"Trade openness (% of GDP)"
"Donor pool",2013,"MEU",17.614051808403,1,"Imports from EU (% of total imports)"
"Donor pool",2013,"XEU",20.1742816789459,1,"Exports to EU (% of total exports)"
"Donor pool",2013,"exports_gdp",44.4508922865456,1,"Exports of goods and services (% of GDP)"
"Donor pool",2013,"imports_gdp",54.5737406055584,1,"Imports of goods and services (% of GDP)"
"Donor pool",2013,"trade_openness",99.024632892104,1,"Trade openness (% of GDP)"
"Donor pool",2014,"MEU",17.8456057963887,1,"Imports from EU (% of total imports)"
"Donor pool",2014,"XEU",18.9654614144813,1,"Exports to EU (% of total exports)"
"Donor pool",2014,"exports_gdp",44.6301528642376,1,"Exports of goods and services (% of GDP)"
"Donor pool",2014,"imports_gdp",54.7309149293305,1,"Imports of goods and services (% of GDP)"
"Donor pool",2014,"trade_openness",99.3610677935681,1,"Trade openness (% of GDP)"
"Donor pool",2015,"MEU",17.665259138971,1,"Imports from EU (% of total imports)"
"Donor pool",2015,"XEU",18.1655870867537,1,"Exports to EU (% of total exports)"
"Donor pool",2015,"exports_gdp",40.5753795127017,1,"Exports of goods and services (% of GDP)"
"Donor pool",2015,"imports_gdp",52.3718269749717,1,"Imports of goods and services (% of GDP)"
"Donor pool",2015,"trade_openness",92.9472064876735,1,"Trade openness (% of GDP)"
"Donor pool",2016,"MEU",17.6311340806182,1,"Imports from EU (% of total imports)"
"Donor pool",2016,"XEU",19.8717480647557,1,"Exports to EU (% of total exports)"
"Donor pool",2016,"exports_gdp",37.9221694253678,1,"Exports of goods and services (% of GDP)"
"Donor pool",2016,"imports_gdp",48.088652950369,1,"Imports of goods and services (% of GDP)"
"Donor pool",2016,"trade_openness",86.0108223757368,1,"Trade openness (% of GDP)"
"Donor pool",2017,"MEU",17.4501935077051,1,"Imports from EU (% of total imports)"
"Donor pool",2017,"XEU",17.9302151723339,1,"Exports to EU (% of total exports)"
"Donor pool",2017,"exports_gdp",38.1984424947613,1,"Exports of goods and services (% of GDP)"
"Donor pool",2017,"imports_gdp",47.82731150967,1,"Imports of goods and services (% of GDP)"
"Donor pool",2017,"trade_openness",86.0257540044313,1,"Trade openness (% of GDP)"
"Donor pool",2018,"MEU",19.6078090453273,1,"Imports from EU (% of total imports)"
"Donor pool",2018,"XEU",18.0761741245136,1,"Exports to EU (% of total exports)"
"Donor pool",2018,"exports_gdp",39.4705957565472,1,"Exports of goods and services (% of GDP)"
"Donor pool",2018,"imports_gdp",47.3406609698056,1,"Imports of goods and services (% of GDP)"
"Donor pool",2018,"trade_openness",86.8112567263529,1,"Trade openness (% of GDP)"
"Donor pool",2019,"MEU",18.8909377368368,1,"Imports from EU (% of total imports)"
"Donor pool",2019,"XEU",19.1821680385898,1,"Exports to EU (% of total exports)"
"Donor pool",2019,"exports_gdp",38.5281151100994,1,"Exports of goods and services (% of GDP)"
"Donor pool",2019,"imports_gdp",46.399182784023,1,"Imports of goods and services (% of GDP)"
"Donor pool",2019,"trade_openness",84.9272978941225,1,"Trade openness (% of GDP)"
"Non-donor comparison",1981,"MEU",NA,0,"Imports from EU (% of total imports)"
"Non-donor comparison",1981,"XEU",NA,0,"Exports to EU (% of total exports)"
"Non-donor comparison",1981,"exports_gdp",19.529353303675,1,"Exports of goods and services (% of GDP)"
"Non-donor comparison",1981,"imports_gdp",28.9843672577016,1,"Imports of goods and services (% of GDP)"
"Non-donor comparison",1981,"trade_openness",48.5137205613765,1,"Trade openness (% of GDP)"
"Non-donor comparison",1982,"MEU",NA,0,"Imports from EU (% of total imports)"
"Non-donor comparison",1982,"XEU",NA,0,"Exports to EU (% of total exports)"
"Non-donor comparison",1982,"exports_gdp",16.729466603781,1,"Exports of goods and services (% of GDP)"
"Non-donor comparison",1982,"imports_gdp",24.6471943382703,1,"Imports of goods and services (% of GDP)"
"Non-donor comparison",1982,"trade_openness",41.3766609420513,1,"Trade openness (% of GDP)"
"Non-donor comparison",1983,"MEU",NA,0,"Imports from EU (% of total imports)"
"Non-donor comparison",1983,"XEU",NA,0,"Exports to EU (% of total exports)"
"Non-donor comparison",1983,"exports_gdp",17.1097588531563,1,"Exports of goods and services (% of GDP)"
"Non-donor comparison",1983,"imports_gdp",23.0242304151866,1,"Imports of goods and services (% of GDP)"
"Non-donor comparison",1983,"trade_openness",40.133989268343,1,"Trade openness (% of GDP)"
"Non-donor comparison",1984,"MEU",NA,0,"Imports from EU (% of total imports)"
"Non-donor comparison",1984,"XEU",NA,0,"Exports to EU (% of total exports)"
"Non-donor comparison",1984,"exports_gdp",18.6267500035098,1,"Exports of goods and services (% of GDP)"
"Non-donor comparison",1984,"imports_gdp",23.0195713337186,1,"Imports of goods and services (% of GDP)"
"Non-donor comparison",1984,"trade_openness",41.6463213372285,1,"Trade openness (% of GDP)"
"Non-donor comparison",1985,"MEU",NA,0,"Imports from EU (% of total imports)"
"Non-donor comparison",1985,"XEU",NA,0,"Exports to EU (% of total exports)"
"Non-donor comparison",1985,"exports_gdp",18.2788474912599,1,"Exports of goods and services (% of GDP)"
"Non-donor comparison",1985,"imports_gdp",21.9625945641869,1,"Imports of goods and services (% of GDP)"
"Non-donor comparison",1985,"trade_openness",40.2414420554468,1,"Trade openness (% of GDP)"
"Non-donor comparison",1986,"MEU",NA,0,"Imports from EU (% of total imports)"
"Non-donor comparison",1986,"XEU",NA,0,"Exports to EU (% of total exports)"
"Non-donor comparison",1986,"exports_gdp",19.3055950650828,1,"Exports of goods and services (% of GDP)"
"Non-donor comparison",1986,"imports_gdp",21.8946068377128,1,"Imports of goods and services (% of GDP)"
"Non-donor comparison",1986,"trade_openness",41.2002019027955,1,"Trade openness (% of GDP)"
"Non-donor comparison",1987,"MEU",NA,0,"Imports from EU (% of total imports)"
"Non-donor comparison",1987,"XEU",NA,0,"Exports to EU (% of total exports)"
"Non-donor comparison",1987,"exports_gdp",21.7732424100604,1,"Exports of goods and services (% of GDP)"
"Non-donor comparison",1987,"imports_gdp",24.7288649435417,1,"Imports of goods and services (% of GDP)"
"Non-donor comparison",1987,"trade_openness",46.5021073536021,1,"Trade openness (% of GDP)"
"Non-donor comparison",1988,"MEU",NA,0,"Imports from EU (% of total imports)"
"Non-donor comparison",1988,"XEU",NA,0,"Exports to EU (% of total exports)"
"Non-donor comparison",1988,"exports_gdp",20.7511765093307,1,"Exports of goods and services (% of GDP)"
"Non-donor comparison",1988,"imports_gdp",23.1746795197911,1,"Imports of goods and services (% of GDP)"
"Non-donor comparison",1988,"trade_openness",43.9258560291218,1,"Trade openness (% of GDP)"
"Non-donor comparison",1989,"MEU",NA,0,"Imports from EU (% of total imports)"
"Non-donor comparison",1989,"XEU",NA,0,"Exports to EU (% of total exports)"
"Non-donor comparison",1989,"exports_gdp",21.341898845685,1,"Exports of goods and services (% of GDP)"
"Non-donor comparison",1989,"imports_gdp",24.8228511908319,1,"Imports of goods and services (% of GDP)"
"Non-donor comparison",1989,"trade_openness",46.1647500365168,1,"Trade openness (% of GDP)"
"Non-donor comparison",1990,"MEU",NA,0,"Imports from EU (% of total imports)"
"Non-donor comparison",1990,"XEU",NA,0,"Exports to EU (% of total exports)"
"Non-donor comparison",1990,"exports_gdp",21.4167608832533,1,"Exports of goods and services (% of GDP)"
"Non-donor comparison",1990,"imports_gdp",28.0229953859006,1,"Imports of goods and services (% of GDP)"
"Non-donor comparison",1990,"trade_openness",49.4397562691538,1,"Trade openness (% of GDP)"
"Non-donor comparison",1991,"MEU",NA,0,"Imports from EU (% of total imports)"
"Non-donor comparison",1991,"XEU",NA,0,"Exports to EU (% of total exports)"
"Non-donor comparison",1991,"exports_gdp",18.3219154566185,1,"Exports of goods and services (% of GDP)"
"Non-donor comparison",1991,"imports_gdp",24.2508690523819,1,"Imports of goods and services (% of GDP)"
"Non-donor comparison",1991,"trade_openness",42.5727845090005,1,"Trade openness (% of GDP)"
"Non-donor comparison",1992,"MEU",NA,0,"Imports from EU (% of total imports)"
"Non-donor comparison",1992,"XEU",NA,0,"Exports to EU (% of total exports)"
"Non-donor comparison",1992,"exports_gdp",18.7028610772987,1,"Exports of goods and services (% of GDP)"
"Non-donor comparison",1992,"imports_gdp",26.4033976668237,1,"Imports of goods and services (% of GDP)"
"Non-donor comparison",1992,"trade_openness",45.1062587441224,1,"Trade openness (% of GDP)"
"Non-donor comparison",1993,"MEU",NA,0,"Imports from EU (% of total imports)"
"Non-donor comparison",1993,"XEU",NA,0,"Exports to EU (% of total exports)"
"Non-donor comparison",1993,"exports_gdp",19.8026032091387,1,"Exports of goods and services (% of GDP)"
"Non-donor comparison",1993,"imports_gdp",26.7417392200027,1,"Imports of goods and services (% of GDP)"
"Non-donor comparison",1993,"trade_openness",46.5443424291414,1,"Trade openness (% of GDP)"
"Non-donor comparison",1994,"MEU",NA,0,"Imports from EU (% of total imports)"
"Non-donor comparison",1994,"XEU",NA,0,"Exports to EU (% of total exports)"
"Non-donor comparison",1994,"exports_gdp",22.2064652021881,1,"Exports of goods and services (% of GDP)"
"Non-donor comparison",1994,"imports_gdp",26.3134078164294,1,"Imports of goods and services (% of GDP)"
"Non-donor comparison",1994,"trade_openness",48.5198730186175,1,"Trade openness (% of GDP)"
"Non-donor comparison",1995,"MEU",NA,0,"Imports from EU (% of total imports)"
"Non-donor comparison",1995,"XEU",NA,0,"Exports to EU (% of total exports)"
"Non-donor comparison",1995,"exports_gdp",22.3235483972851,1,"Exports of goods and services (% of GDP)"
"Non-donor comparison",1995,"imports_gdp",27.9517254995637,1,"Imports of goods and services (% of GDP)"
"Non-donor comparison",1995,"trade_openness",50.2752738968488,1,"Trade openness (% of GDP)"
"Non-donor comparison",1996,"MEU",NA,0,"Imports from EU (% of total imports)"
"Non-donor comparison",1996,"XEU",NA,0,"Exports to EU (% of total exports)"
"Non-donor comparison",1996,"exports_gdp",21.1006442060566,1,"Exports of goods and services (% of GDP)"
"Non-donor comparison",1996,"imports_gdp",27.4959225740425,1,"Imports of goods and services (% of GDP)"
"Non-donor comparison",1996,"trade_openness",48.5965667800992,1,"Trade openness (% of GDP)"
"Non-donor comparison",1997,"MEU",NA,0,"Imports from EU (% of total imports)"
"Non-donor comparison",1997,"XEU",NA,0,"Exports to EU (% of total exports)"
"Non-donor comparison",1997,"exports_gdp",19.531135765008,1,"Exports of goods and services (% of GDP)"
"Non-donor comparison",1997,"imports_gdp",25.22889514994,1,"Imports of goods and services (% of GDP)"
"Non-donor comparison",1997,"trade_openness",44.760030914948,1,"Trade openness (% of GDP)"
"Non-donor comparison",1998,"MEU",NA,0,"Imports from EU (% of total imports)"
"Non-donor comparison",1998,"XEU",NA,0,"Exports to EU (% of total exports)"
"Non-donor comparison",1998,"exports_gdp",20.7223230608314,1,"Exports of goods and services (% of GDP)"
"Non-donor comparison",1998,"imports_gdp",27.161251296599,1,"Imports of goods and services (% of GDP)"
"Non-donor comparison",1998,"trade_openness",47.8835743574304,1,"Trade openness (% of GDP)"
"Non-donor comparison",1999,"MEU",NA,0,"Imports from EU (% of total imports)"
"Non-donor comparison",1999,"XEU",NA,0,"Exports to EU (% of total exports)"
"Non-donor comparison",1999,"exports_gdp",20.0502357583341,1,"Exports of goods and services (% of GDP)"
"Non-donor comparison",1999,"imports_gdp",25.5587276829173,1,"Imports of goods and services (% of GDP)"
"Non-donor comparison",1999,"trade_openness",45.6089634412514,1,"Trade openness (% of GDP)"
"Non-donor comparison",2000,"MEU",NA,0,"Imports from EU (% of total imports)"
"Non-donor comparison",2000,"XEU",NA,0,"Exports to EU (% of total exports)"
"Non-donor comparison",2000,"exports_gdp",21.7705165425478,1,"Exports of goods and services (% of GDP)"
"Non-donor comparison",2000,"imports_gdp",29.089418679696,1,"Imports of goods and services (% of GDP)"
"Non-donor comparison",2000,"trade_openness",50.8599352222438,1,"Trade openness (% of GDP)"
"Non-donor comparison",2001,"MEU",NA,0,"Imports from EU (% of total imports)"
"Non-donor comparison",2001,"XEU",NA,0,"Exports to EU (% of total exports)"
"Non-donor comparison",2001,"exports_gdp",20.3818207920386,1,"Exports of goods and services (% of GDP)"
"Non-donor comparison",2001,"imports_gdp",27.2302538696323,1,"Imports of goods and services (% of GDP)"
"Non-donor comparison",2001,"trade_openness",47.6120746616709,1,"Trade openness (% of GDP)"
"Non-donor comparison",2002,"MEU",NA,0,"Imports from EU (% of total imports)"
"Non-donor comparison",2002,"XEU",NA,0,"Exports to EU (% of total exports)"
"Non-donor comparison",2002,"exports_gdp",23.4120183576759,1,"Exports of goods and services (% of GDP)"
"Non-donor comparison",2002,"imports_gdp",28.9301684033975,1,"Imports of goods and services (% of GDP)"
"Non-donor comparison",2002,"trade_openness",52.3421867610734,1,"Trade openness (% of GDP)"
"Non-donor comparison",2003,"MEU",NA,0,"Imports from EU (% of total imports)"
"Non-donor comparison",2003,"XEU",NA,0,"Exports to EU (% of total exports)"
"Non-donor comparison",2003,"exports_gdp",23.8322453329614,1,"Exports of goods and services (% of GDP)"
"Non-donor comparison",2003,"imports_gdp",30.5356043481516,1,"Imports of goods and services (% of GDP)"
"Non-donor comparison",2003,"trade_openness",54.367849681113,1,"Trade openness (% of GDP)"
"Non-donor comparison",2004,"MEU",NA,0,"Imports from EU (% of total imports)"
"Non-donor comparison",2004,"XEU",NA,0,"Exports to EU (% of total exports)"
"Non-donor comparison",2004,"exports_gdp",24.9510987659754,1,"Exports of goods and services (% of GDP)"
"Non-donor comparison",2004,"imports_gdp",30.7951533765754,1,"Imports of goods and services (% of GDP)"
"Non-donor comparison",2004,"trade_openness",55.7462521425508,1,"Trade openness (% of GDP)"
"Non-donor comparison",2005,"MEU",NA,0,"Imports from EU (% of total imports)"
"Non-donor comparison",2005,"XEU",NA,0,"Exports to EU (% of total exports)"
"Non-donor comparison",2005,"exports_gdp",26.3482805244877,1,"Exports of goods and services (% of GDP)"
"Non-donor comparison",2005,"imports_gdp",32.3996047217395,1,"Imports of goods and services (% of GDP)"
"Non-donor comparison",2005,"trade_openness",58.7478852462272,1,"Trade openness (% of GDP)"
"Non-donor comparison",2006,"MEU",NA,0,"Imports from EU (% of total imports)"
"Non-donor comparison",2006,"XEU",NA,0,"Exports to EU (% of total exports)"
"Non-donor comparison",2006,"exports_gdp",24.9184964973986,1,"Exports of goods and services (% of GDP)"
"Non-donor comparison",2006,"imports_gdp",30.1876739049759,1,"Imports of goods and services (% of GDP)"
"Non-donor comparison",2006,"trade_openness",55.1061704023746,1,"Trade openness (% of GDP)"
"Non-donor comparison",2007,"MEU",NA,0,"Imports from EU (% of total imports)"
"Non-donor comparison",2007,"XEU",NA,0,"Exports to EU (% of total exports)"
"Non-donor comparison",2007,"exports_gdp",26.6539702144354,1,"Exports of goods and services (% of GDP)"
"Non-donor comparison",2007,"imports_gdp",32.7749792063373,1,"Imports of goods and services (% of GDP)"
"Non-donor comparison",2007,"trade_openness",59.4289494207727,1,"Trade openness (% of GDP)"
"Non-donor comparison",2008,"MEU",NA,0,"Imports from EU (% of total imports)"
"Non-donor comparison",2008,"XEU",NA,0,"Exports to EU (% of total exports)"
"Non-donor comparison",2008,"exports_gdp",27.1310903107719,1,"Exports of goods and services (% of GDP)"
"Non-donor comparison",2008,"imports_gdp",35.8394938783974,1,"Imports of goods and services (% of GDP)"
"Non-donor comparison",2008,"trade_openness",62.9705841891693,1,"Trade openness (% of GDP)"
"Non-donor comparison",2009,"MEU",NA,0,"Imports from EU (% of total imports)"
"Non-donor comparison",2009,"XEU",NA,0,"Exports to EU (% of total exports)"
"Non-donor comparison",2009,"exports_gdp",22.5057229032502,1,"Exports of goods and services (% of GDP)"
"Non-donor comparison",2009,"imports_gdp",32.9745943398288,1,"Imports of goods and services (% of GDP)"
"Non-donor comparison",2009,"trade_openness",55.480317243079,1,"Trade openness (% of GDP)"
"Non-donor comparison",2010,"MEU",NA,0,"Imports from EU (% of total imports)"
"Non-donor comparison",2010,"XEU",NA,0,"Exports to EU (% of total exports)"
"Non-donor comparison",2010,"exports_gdp",25.7336362584523,1,"Exports of goods and services (% of GDP)"
"Non-donor comparison",2010,"imports_gdp",33.1069711867177,1,"Imports of goods and services (% of GDP)"
"Non-donor comparison",2010,"trade_openness",58.84060744517,1,"Trade openness (% of GDP)"
"Non-donor comparison",2011,"MEU",NA,0,"Imports from EU (% of total imports)"
"Non-donor comparison",2011,"XEU",NA,0,"Exports to EU (% of total exports)"
"Non-donor comparison",2011,"exports_gdp",25.6317131901736,1,"Exports of goods and services (% of GDP)"
"Non-donor comparison",2011,"imports_gdp",34.8647249552888,1,"Imports of goods and services (% of GDP)"
"Non-donor comparison",2011,"trade_openness",60.4964381454624,1,"Trade openness (% of GDP)"
"Non-donor comparison",2012,"MEU",NA,0,"Imports from EU (% of total imports)"
"Non-donor comparison",2012,"XEU",NA,0,"Exports to EU (% of total exports)"
"Non-donor comparison",2012,"exports_gdp",25.6712447483983,1,"Exports of goods and services (% of GDP)"
"Non-donor comparison",2012,"imports_gdp",34.9359352056424,1,"Imports of goods and services (% of GDP)"
"Non-donor comparison",2012,"trade_openness",60.6071799540406,1,"Trade openness (% of GDP)"
"Non-donor comparison",2013,"MEU",NA,0,"Imports from EU (% of total imports)"
"Non-donor comparison",2013,"XEU",NA,0,"Exports to EU (% of total exports)"
"Non-donor comparison",2013,"exports_gdp",23.5891916849916,1,"Exports of goods and services (% of GDP)"
"Non-donor comparison",2013,"imports_gdp",33.0487827796164,1,"Imports of goods and services (% of GDP)"
"Non-donor comparison",2013,"trade_openness",56.637974464608,1,"Trade openness (% of GDP)"
"Non-donor comparison",2014,"MEU",NA,0,"Imports from EU (% of total imports)"
"Non-donor comparison",2014,"XEU",NA,0,"Exports to EU (% of total exports)"
"Non-donor comparison",2014,"exports_gdp",23.1219782573727,1,"Exports of goods and services (% of GDP)"
"Non-donor comparison",2014,"imports_gdp",32.2809038073633,1,"Imports of goods and services (% of GDP)"
"Non-donor comparison",2014,"trade_openness",55.402882064736,1,"Trade openness (% of GDP)"
"Non-donor comparison",2015,"MEU",NA,0,"Imports from EU (% of total imports)"
"Non-donor comparison",2015,"XEU",NA,0,"Exports to EU (% of total exports)"
"Non-donor comparison",2015,"exports_gdp",19.9376736125308,1,"Exports of goods and services (% of GDP)"
"Non-donor comparison",2015,"imports_gdp",31.3013361179185,1,"Imports of goods and services (% of GDP)"
"Non-donor comparison",2015,"trade_openness",51.2390097304494,1,"Trade openness (% of GDP)"
"Non-donor comparison",2016,"MEU",NA,0,"Imports from EU (% of total imports)"
"Non-donor comparison",2016,"XEU",NA,0,"Exports to EU (% of total exports)"
"Non-donor comparison",2016,"exports_gdp",20.1727457320071,1,"Exports of goods and services (% of GDP)"
"Non-donor comparison",2016,"imports_gdp",30.7993620041294,1,"Imports of goods and services (% of GDP)"
"Non-donor comparison",2016,"trade_openness",50.9721077361365,1,"Trade openness (% of GDP)"
"Non-donor comparison",2017,"MEU",NA,0,"Imports from EU (% of total imports)"
"Non-donor comparison",2017,"XEU",NA,0,"Exports to EU (% of total exports)"
"Non-donor comparison",2017,"exports_gdp",21.9627601986116,1,"Exports of goods and services (% of GDP)"
"Non-donor comparison",2017,"imports_gdp",29.5555879086807,1,"Imports of goods and services (% of GDP)"
"Non-donor comparison",2017,"trade_openness",51.5183481072923,1,"Trade openness (% of GDP)"
"Non-donor comparison",2018,"MEU",NA,0,"Imports from EU (% of total imports)"
"Non-donor comparison",2018,"XEU",NA,0,"Exports to EU (% of total exports)"
"Non-donor comparison",2018,"exports_gdp",22.9081219143185,1,"Exports of goods and services (% of GDP)"
"Non-donor comparison",2018,"imports_gdp",29.6405599564722,1,"Imports of goods and services (% of GDP)"
"Non-donor comparison",2018,"trade_openness",52.5486818707907,1,"Trade openness (% of GDP)"
"Non-donor comparison",2019,"MEU",NA,0,"Imports from EU (% of total imports)"
"Non-donor comparison",2019,"XEU",NA,0,"Exports to EU (% of total exports)"
"Non-donor comparison",2019,"exports_gdp",21.8509136490174,1,"Exports of goods and services (% of GDP)"
"Non-donor comparison",2019,"imports_gdp",28.2289331157223,1,"Imports of goods and services (% of GDP)"
"Non-donor comparison",2019,"trade_openness",50.0798467647396,1,"Trade openness (% of GDP)"
"WAEMU",1981,"MEU",46.8394504291784,1,"Imports from EU (% of total imports)"
"WAEMU",1981,"XEU",42.6288540909196,1,"Exports to EU (% of total exports)"
"WAEMU",1981,"exports_gdp",22.1330215252553,1,"Exports of goods and services (% of GDP)"
"WAEMU",1981,"imports_gdp",39.1024807113003,1,"Imports of goods and services (% of GDP)"
"WAEMU",1981,"trade_openness",61.2355022365557,1,"Trade openness (% of GDP)"
"WAEMU",1982,"MEU",46.344756920461,1,"Imports from EU (% of total imports)"
"WAEMU",1982,"XEU",46.4047969086444,1,"Exports to EU (% of total exports)"
"WAEMU",1982,"exports_gdp",23.86573959139,1,"Exports of goods and services (% of GDP)"
"WAEMU",1982,"imports_gdp",39.1477223249774,1,"Imports of goods and services (% of GDP)"
"WAEMU",1982,"trade_openness",63.0134619163674,1,"Trade openness (% of GDP)"
"WAEMU",1983,"MEU",45.9188868121726,1,"Imports from EU (% of total imports)"
"WAEMU",1983,"XEU",45.3379689375573,1,"Exports to EU (% of total exports)"
"WAEMU",1983,"exports_gdp",23.0150056474935,1,"Exports of goods and services (% of GDP)"
"WAEMU",1983,"imports_gdp",35.4118079170553,1,"Imports of goods and services (% of GDP)"
"WAEMU",1983,"trade_openness",58.4268135645488,1,"Trade openness (% of GDP)"
"WAEMU",1984,"MEU",43.5894707836884,1,"Imports from EU (% of total imports)"
"WAEMU",1984,"XEU",51.8129010675216,1,"Exports to EU (% of total exports)"
"WAEMU",1984,"exports_gdp",27.090267597372,1,"Exports of goods and services (% of GDP)"
"WAEMU",1984,"imports_gdp",34.8575441952899,1,"Imports of goods and services (% of GDP)"
"WAEMU",1984,"trade_openness",61.947811792662,1,"Trade openness (% of GDP)"
"WAEMU",1985,"MEU",46.8355665885232,1,"Imports from EU (% of total imports)"
"WAEMU",1985,"XEU",58.3959967245085,1,"Exports to EU (% of total exports)"
"WAEMU",1985,"exports_gdp",26.116412112051,1,"Exports of goods and services (% of GDP)"
"WAEMU",1985,"imports_gdp",37.2989721477227,1,"Imports of goods and services (% of GDP)"
"WAEMU",1985,"trade_openness",63.4153842597736,1,"Trade openness (% of GDP)"
"WAEMU",1986,"MEU",48.6588520918842,1,"Imports from EU (% of total imports)"
"WAEMU",1986,"XEU",53.275667324895,1,"Exports to EU (% of total exports)"
"WAEMU",1986,"exports_gdp",22.641191400782,1,"Exports of goods and services (% of GDP)"
"WAEMU",1986,"imports_gdp",32.383404302701,1,"Imports of goods and services (% of GDP)"
"WAEMU",1986,"trade_openness",55.024595703483,1,"Trade openness (% of GDP)"
"WAEMU",1987,"MEU",46.7274551937152,1,"Imports from EU (% of total imports)"
"WAEMU",1987,"XEU",44.3139896369741,1,"Exports to EU (% of total exports)"
"WAEMU",1987,"exports_gdp",21.4954611676354,1,"Exports of goods and services (% of GDP)"
"WAEMU",1987,"imports_gdp",30.979281172059,1,"Imports of goods and services (% of GDP)"
"WAEMU",1987,"trade_openness",52.4747423396944,1,"Trade openness (% of GDP)"
"WAEMU",1988,"MEU",47.9495063820517,1,"Imports from EU (% of total imports)"
"WAEMU",1988,"XEU",46.4184811193388,1,"Exports to EU (% of total exports)"
"WAEMU",1988,"exports_gdp",19.9098488179386,1,"Exports of goods and services (% of GDP)"
"WAEMU",1988,"imports_gdp",30.4351077926594,1,"Imports of goods and services (% of GDP)"
"WAEMU",1988,"trade_openness",50.3449566105979,1,"Trade openness (% of GDP)"
"WAEMU",1989,"MEU",46.4117872973512,1,"Imports from EU (% of total imports)"
"WAEMU",1989,"XEU",45.6090883348839,1,"Exports to EU (% of total exports)"
"WAEMU",1989,"exports_gdp",19.91054762456,1,"Exports of goods and services (% of GDP)"
"WAEMU",1989,"imports_gdp",28.4240717952673,1,"Imports of goods and services (% of GDP)"
"WAEMU",1989,"trade_openness",48.3346194198273,1,"Trade openness (% of GDP)"
"WAEMU",1990,"MEU",43.0887316251066,1,"Imports from EU (% of total imports)"
"WAEMU",1990,"XEU",42.2634315189527,1,"Exports to EU (% of total exports)"
"WAEMU",1990,"exports_gdp",19.0183174785037,1,"Exports of goods and services (% of GDP)"
"WAEMU",1990,"imports_gdp",26.4926343083622,1,"Imports of goods and services (% of GDP)"
"WAEMU",1990,"trade_openness",45.5109517868659,1,"Trade openness (% of GDP)"
"WAEMU",1991,"MEU",42.4732176613042,1,"Imports from EU (% of total imports)"
"WAEMU",1991,"XEU",35.1418225940591,1,"Exports to EU (% of total exports)"
"WAEMU",1991,"exports_gdp",18.0884529364748,1,"Exports of goods and services (% of GDP)"
"WAEMU",1991,"imports_gdp",26.2363888153048,1,"Imports of goods and services (% of GDP)"
"WAEMU",1991,"trade_openness",44.3248417517796,1,"Trade openness (% of GDP)"
"WAEMU",1992,"MEU",41.8159276621199,1,"Imports from EU (% of total imports)"
"WAEMU",1992,"XEU",38.356990050902,1,"Exports to EU (% of total exports)"
"WAEMU",1992,"exports_gdp",17.6796481672732,1,"Exports of goods and services (% of GDP)"
"WAEMU",1992,"imports_gdp",25.596407158006,1,"Imports of goods and services (% of GDP)"
"WAEMU",1992,"trade_openness",43.2760553252793,1,"Trade openness (% of GDP)"
"WAEMU",1993,"MEU",40.3623142174986,1,"Imports from EU (% of total imports)"
"WAEMU",1993,"XEU",34.9705642398988,1,"Exports to EU (% of total exports)"
"WAEMU",1993,"exports_gdp",16.4420619375739,1,"Exports of goods and services (% of GDP)"
"WAEMU",1993,"imports_gdp",24.0900880958293,1,"Imports of goods and services (% of GDP)"
"WAEMU",1993,"trade_openness",40.5321500334032,1,"Trade openness (% of GDP)"
"WAEMU",1994,"MEU",40.6540652005239,1,"Imports from EU (% of total imports)"
"WAEMU",1994,"XEU",38.5375360425943,1,"Exports to EU (% of total exports)"
"WAEMU",1994,"exports_gdp",22.6354861073797,1,"Exports of goods and services (% of GDP)"
"WAEMU",1994,"imports_gdp",29.2890683923438,1,"Imports of goods and services (% of GDP)"
"WAEMU",1994,"trade_openness",51.9245544997236,1,"Trade openness (% of GDP)"
"WAEMU",1995,"MEU",43.1566600216714,1,"Imports from EU (% of total imports)"
"WAEMU",1995,"XEU",37.4198282123039,1,"Exports to EU (% of total exports)"
"WAEMU",1995,"exports_gdp",22.4164018698443,1,"Exports of goods and services (% of GDP)"
"WAEMU",1995,"imports_gdp",30.2887037751868,1,"Imports of goods and services (% of GDP)"
"WAEMU",1995,"trade_openness",52.7051056450311,1,"Trade openness (% of GDP)"
"WAEMU",1996,"MEU",41.7053993295707,1,"Imports from EU (% of total imports)"
"WAEMU",1996,"XEU",33.3534817211691,1,"Exports to EU (% of total exports)"
"WAEMU",1996,"exports_gdp",19.6377199031447,1,"Exports of goods and services (% of GDP)"
"WAEMU",1996,"imports_gdp",27.3220200343892,1,"Imports of goods and services (% of GDP)"
"WAEMU",1996,"trade_openness",46.9597399375339,1,"Trade openness (% of GDP)"
"WAEMU",1997,"MEU",43.4845764977227,1,"Imports from EU (% of total imports)"
"WAEMU",1997,"XEU",35.0888455367738,1,"Exports to EU (% of total exports)"
"WAEMU",1997,"exports_gdp",19.9028909646179,1,"Exports of goods and services (% of GDP)"
"WAEMU",1997,"imports_gdp",27.0693393011835,1,"Imports of goods and services (% of GDP)"
"WAEMU",1997,"trade_openness",46.9722302658014,1,"Trade openness (% of GDP)"
"WAEMU",1998,"MEU",43.0046930825955,1,"Imports from EU (% of total imports)"
"WAEMU",1998,"XEU",33.1749274188861,1,"Exports to EU (% of total exports)"
"WAEMU",1998,"exports_gdp",19.8765010050259,1,"Exports of goods and services (% of GDP)"
"WAEMU",1998,"imports_gdp",27.6768956568095,1,"Imports of goods and services (% of GDP)"
"WAEMU",1998,"trade_openness",47.5533966618355,1,"Trade openness (% of GDP)"
"WAEMU",1999,"MEU",41.0003831620928,1,"Imports from EU (% of total imports)"
"WAEMU",1999,"XEU",31.4164086551579,1,"Exports to EU (% of total exports)"
"WAEMU",1999,"exports_gdp",18.535077308076,1,"Exports of goods and services (% of GDP)"
"WAEMU",1999,"imports_gdp",26.7576182784336,1,"Imports of goods and services (% of GDP)"
"WAEMU",1999,"trade_openness",45.2926955865096,1,"Trade openness (% of GDP)"
"WAEMU",2000,"MEU",32.7423082324342,1,"Imports from EU (% of total imports)"
"WAEMU",2000,"XEU",27.2063315202336,1,"Exports to EU (% of total exports)"
"WAEMU",2000,"exports_gdp",18.2584113517058,1,"Exports of goods and services (% of GDP)"
"WAEMU",2000,"imports_gdp",26.6418344510541,1,"Imports of goods and services (% of GDP)"
"WAEMU",2000,"trade_openness",44.9002458027599,1,"Trade openness (% of GDP)"
"WAEMU",2001,"MEU",37.4960029978205,1,"Imports from EU (% of total imports)"
"WAEMU",2001,"XEU",25.7587995644536,1,"Exports to EU (% of total exports)"
"WAEMU",2001,"exports_gdp",18.4737176874915,1,"Exports of goods and services (% of GDP)"
"WAEMU",2001,"imports_gdp",26.7379609379113,1,"Imports of goods and services (% of GDP)"
"WAEMU",2001,"trade_openness",45.2116786254028,1,"Trade openness (% of GDP)"
"WAEMU",2002,"MEU",37.1765342773946,1,"Imports from EU (% of total imports)"
"WAEMU",2002,"XEU",31.2530191129497,1,"Exports to EU (% of total exports)"
"WAEMU",2002,"exports_gdp",19.3584950277511,1,"Exports of goods and services (% of GDP)"
"WAEMU",2002,"imports_gdp",25.3449430944038,1,"Imports of goods and services (% of GDP)"
"WAEMU",2002,"trade_openness",44.7034381221549,1,"Trade openness (% of GDP)"
"WAEMU",2003,"MEU",37.9591815240295,1,"Imports from EU (% of total imports)"
"WAEMU",2003,"XEU",23.6740394036028,1,"Exports to EU (% of total exports)"
"WAEMU",2003,"exports_gdp",18.8466186524326,1,"Exports of goods and services (% of GDP)"
"WAEMU",2003,"imports_gdp",25.6862461712424,1,"Imports of goods and services (% of GDP)"
"WAEMU",2003,"trade_openness",44.5328648236751,1,"Trade openness (% of GDP)"
"WAEMU",2004,"MEU",34.2518619097518,1,"Imports from EU (% of total imports)"
"WAEMU",2004,"XEU",22.9043932824951,1,"Exports to EU (% of total exports)"
"WAEMU",2004,"exports_gdp",19.3259712789178,1,"Exports of goods and services (% of GDP)"
"WAEMU",2004,"imports_gdp",27.2467021966588,1,"Imports of goods and services (% of GDP)"
"WAEMU",2004,"trade_openness",46.5726734755767,1,"Trade openness (% of GDP)"
"WAEMU",2005,"MEU",31.6693992665712,1,"Imports from EU (% of total imports)"
"WAEMU",2005,"XEU",20.7376327769383,1,"Exports to EU (% of total exports)"
"WAEMU",2005,"exports_gdp",19.80510021409,1,"Exports of goods and services (% of GDP)"
"WAEMU",2005,"imports_gdp",28.1530013420421,1,"Imports of goods and services (% of GDP)"
"WAEMU",2005,"trade_openness",47.9581015561321,1,"Trade openness (% of GDP)"
"WAEMU",2006,"MEU",31.627665951845,1,"Imports from EU (% of total imports)"
"WAEMU",2006,"XEU",20.6874590318926,1,"Exports to EU (% of total exports)"
"WAEMU",2006,"exports_gdp",20.39205476161,1,"Exports of goods and services (% of GDP)"
"WAEMU",2006,"imports_gdp",28.1609690855771,1,"Imports of goods and services (% of GDP)"
"WAEMU",2006,"trade_openness",48.5530238471871,1,"Trade openness (% of GDP)"
"WAEMU",2007,"MEU",31.9214790882778,1,"Imports from EU (% of total imports)"
"WAEMU",2007,"XEU",21.9927032106648,1,"Exports to EU (% of total exports)"
"WAEMU",2007,"exports_gdp",20.1283638100641,1,"Exports of goods and services (% of GDP)"
"WAEMU",2007,"imports_gdp",29.5531240078936,1,"Imports of goods and services (% of GDP)"
"WAEMU",2007,"trade_openness",49.6814878179577,1,"Trade openness (% of GDP)"
"WAEMU",2008,"MEU",29.3068878494745,1,"Imports from EU (% of total imports)"
"WAEMU",2008,"XEU",17.7665219070871,1,"Exports to EU (% of total exports)"
"WAEMU",2008,"exports_gdp",20.4749537185393,1,"Exports of goods and services (% of GDP)"
"WAEMU",2008,"imports_gdp",31.4571888778264,1,"Imports of goods and services (% of GDP)"
"WAEMU",2008,"trade_openness",51.9321425963657,1,"Trade openness (% of GDP)"
"WAEMU",2009,"MEU",30.9389112327502,1,"Imports from EU (% of total imports)"
"WAEMU",2009,"XEU",20.8284800064495,1,"Exports to EU (% of total exports)"
"WAEMU",2009,"exports_gdp",20.9674078425589,1,"Exports of goods and services (% of GDP)"
"WAEMU",2009,"imports_gdp",29.9244301058491,1,"Imports of goods and services (% of GDP)"
"WAEMU",2009,"trade_openness",50.891837948408,1,"Trade openness (% of GDP)"
"WAEMU",2010,"MEU",27.955013718802,1,"Imports from EU (% of total imports)"
"WAEMU",2010,"XEU",15.3536802463048,1,"Exports to EU (% of total exports)"
"WAEMU",2010,"exports_gdp",22.8846018128313,1,"Exports of goods and services (% of GDP)"
"WAEMU",2010,"imports_gdp",32.543264477052,1,"Imports of goods and services (% of GDP)"
"WAEMU",2010,"trade_openness",55.4278662898832,1,"Trade openness (% of GDP)"
"WAEMU",2011,"MEU",27.297828988188,1,"Imports from EU (% of total imports)"
"WAEMU",2011,"XEU",17.5007127506694,1,"Exports to EU (% of total exports)"
"WAEMU",2011,"exports_gdp",24.0808284123021,1,"Exports of goods and services (% of GDP)"
"WAEMU",2011,"imports_gdp",32.8002060605768,1,"Imports of goods and services (% of GDP)"
"WAEMU",2011,"trade_openness",56.8810344728788,1,"Trade openness (% of GDP)"
"WAEMU",2012,"MEU",25.5217454958388,1,"Imports from EU (% of total imports)"
"WAEMU",2012,"XEU",15.4584163105202,1,"Exports to EU (% of total exports)"
"WAEMU",2012,"exports_gdp",25.6658767702104,1,"Exports of goods and services (% of GDP)"
"WAEMU",2012,"imports_gdp",33.5450013366457,1,"Imports of goods and services (% of GDP)"
"WAEMU",2012,"trade_openness",59.2108781068561,1,"Trade openness (% of GDP)"
"WAEMU",2013,"MEU",26.2068112114607,1,"Imports from EU (% of total imports)"
"WAEMU",2013,"XEU",15.9256404416867,1,"Exports to EU (% of total exports)"
"WAEMU",2013,"exports_gdp",25.4608788729157,1,"Exports of goods and services (% of GDP)"
"WAEMU",2013,"imports_gdp",35.2907882185211,1,"Imports of goods and services (% of GDP)"
"WAEMU",2013,"trade_openness",60.7516670914368,1,"Trade openness (% of GDP)"
"WAEMU",2014,"MEU",28.3206180480347,1,"Imports from EU (% of total imports)"
"WAEMU",2014,"XEU",16.3214241329421,1,"Exports to EU (% of total exports)"
"WAEMU",2014,"exports_gdp",24.6221455412392,1,"Exports of goods and services (% of GDP)"
"WAEMU",2014,"imports_gdp",33.0850999938672,1,"Imports of goods and services (% of GDP)"
"WAEMU",2014,"trade_openness",57.7072455351065,1,"Trade openness (% of GDP)"
"WAEMU",2015,"MEU",31.0133400699702,1,"Imports from EU (% of total imports)"
"WAEMU",2015,"XEU",16.2975953623883,1,"Exports to EU (% of total exports)"
"WAEMU",2015,"exports_gdp",23.1519467797898,1,"Exports of goods and services (% of GDP)"
"WAEMU",2015,"imports_gdp",33.1483299193043,1,"Imports of goods and services (% of GDP)"
"WAEMU",2015,"trade_openness",56.3002766990941,1,"Trade openness (% of GDP)"
"WAEMU",2016,"MEU",25.6416953777926,1,"Imports from EU (% of total imports)"
"WAEMU",2016,"XEU",16.036897338038,1,"Exports to EU (% of total exports)"
"WAEMU",2016,"exports_gdp",22.6570854472107,1,"Exports of goods and services (% of GDP)"
"WAEMU",2016,"imports_gdp",30.9286793818654,1,"Imports of goods and services (% of GDP)"
"WAEMU",2016,"trade_openness",53.5857648290761,1,"Trade openness (% of GDP)"
"WAEMU",2017,"MEU",26.260334425749,1,"Imports from EU (% of total imports)"
"WAEMU",2017,"XEU",14.0861557823045,1,"Exports to EU (% of total exports)"
"WAEMU",2017,"exports_gdp",22.5858279537943,1,"Exports of goods and services (% of GDP)"
"WAEMU",2017,"imports_gdp",30.8259195503527,1,"Imports of goods and services (% of GDP)"
"WAEMU",2017,"trade_openness",53.411747504147,1,"Trade openness (% of GDP)"
"WAEMU",2018,"MEU",23.6140462677569,1,"Imports from EU (% of total imports)"
"WAEMU",2018,"XEU",12.1920625653574,1,"Exports to EU (% of total exports)"
"WAEMU",2018,"exports_gdp",22.4604007770486,1,"Exports of goods and services (% of GDP)"
"WAEMU",2018,"imports_gdp",31.2586165560913,1,"Imports of goods and services (% of GDP)"
"WAEMU",2018,"trade_openness",53.7190173331399,1,"Trade openness (% of GDP)"
"WAEMU",2019,"MEU",24.9124794378176,1,"Imports from EU (% of total imports)"
"WAEMU",2019,"XEU",12.2674565154644,1,"Exports to EU (% of total exports)"
"WAEMU",2019,"exports_gdp",23.2751643059795,1,"Exports of goods and services (% of GDP)"
"WAEMU",2019,"imports_gdp",31.0719985681136,1,"Imports of goods and services (% of GDP)"
"WAEMU",2019,"trade_openness",54.3471628740931,1,"Trade openness (% of GDP)"
