"iso3c","country","outcome","n_years","n_missing","n_missing_pre","n_missing_post","first_non_missing_year","last_non_missing_year","group"
"GNQ","Equatorial Guinea","MEU",40,1,1,0,1981,2019,"CAEMC"
"TCD","Chad","MEU",40,1,1,0,1981,2019,"CAEMC"
"CAF","Central African Republic","MEU",40,0,0,0,1980,2019,"CAEMC"
"CMR","Cameroon","MEU",40,0,0,0,1980,2019,"CAEMC"
"COG","Republic of Congo","MEU",40,0,0,0,1980,2019,"CAEMC"
"GAB","Gabon","MEU",40,0,0,0,1980,2019,"CAEMC"
"BTN","Bhutan","MEU",40,40,22,18,NA,NA,"Donor pool"
"BWA","Botswana","MEU",40,40,22,18,NA,NA,"Donor pool"
"GUY","Guyana","MEU",40,40,22,18,NA,NA,"Donor pool"
"IRQ","Iraq","MEU",40,40,22,18,NA,NA,"Donor pool"
"KNA","St. Kitts and Nevis","MEU",40,40,22,18,NA,NA,"Donor pool"
"LSO","Lesotho","MEU",40,40,22,18,NA,NA,"Donor pool"
"NAM","Namibia","MEU",40,40,22,18,NA,NA,"Donor pool"
"SWZ","Eswatini","MEU",40,40,22,18,NA,NA,"Donor pool"
"TKM","Turkmenistan","MEU",40,40,22,18,NA,NA,"Donor pool"
"LAO","Lao PDR","MEU",40,1,1,0,1981,2019,"Donor pool"
"LCA","St. Lucia","MEU",40,1,1,0,1981,2019,"Donor pool"
"BGD","Bangladesh","MEU",40,0,0,0,1980,2019,"Donor pool"
"BOL","Bolivia","MEU",40,0,0,0,1980,2019,"Donor pool"
"BRB","Barbados","MEU",40,0,0,0,1980,2019,"Donor pool"
"CPV","Cabo Verde","MEU",40,0,0,0,1980,2019,"Donor pool"
"DMA","Dominica","MEU",40,0,0,0,1980,2019,"Donor pool"
"ECU","Ecuador","MEU",40,0,0,0,1980,2019,"Donor pool"
"GRD","Grenada","MEU",40,0,0,0,1980,2019,"Donor pool"
"MAR","Morocco","MEU",40,0,0,0,1980,2019,"Donor pool"
"MUS","Mauritius","MEU",40,0,0,0,1980,2019,"Donor pool"
"SYC","Seychelles","MEU",40,0,0,0,1980,2019,"Donor pool"
"ETH","Ethiopia","MEU",41,41,23,18,NA,NA,"Non-donor comparison"
"AGO","Angola","MEU",40,40,22,18,NA,NA,"Non-donor comparison"
"BDI","Burundi","MEU",40,40,22,18,NA,NA,"Non-donor comparison"
"COD","Congo, Dem. Rep.","MEU",40,40,22,18,NA,NA,"Non-donor comparison"
"GHA","Ghana","MEU",40,40,22,18,NA,NA,"Non-donor comparison"
"GIN","Guinea","MEU",40,40,22,18,NA,NA,"Non-donor comparison"
"GMB","Gambia, The","MEU",40,40,22,18,NA,NA,"Non-donor comparison"
"KEN","Kenya","MEU",40,40,22,18,NA,NA,"Non-donor comparison"
"MDG","Madagascar","MEU",40,40,22,18,NA,NA,"Non-donor comparison"
"MWI","Malawi","MEU",40,40,22,18,NA,NA,"Non-donor comparison"
"NGA","Nigeria","MEU",40,40,22,18,NA,NA,"Non-donor comparison"
"SDN","Sudan","MEU",41,41,22,19,NA,NA,"Non-donor comparison"
"SLE","Sierra Leone","MEU",40,40,22,18,NA,NA,"Non-donor comparison"
"STP","Sao Tome and Principe","MEU",40,40,22,18,NA,NA,"Non-donor comparison"
"TZA","Tanzania","MEU",40,40,22,18,NA,NA,"Non-donor comparison"
"UGA","Uganda","MEU",40,40,22,18,NA,NA,"Non-donor comparison"
"ZMB","Zambia","MEU",40,40,22,18,NA,NA,"Non-donor comparison"
"ZWE","Zimbabwe","MEU",40,40,22,18,NA,NA,"Non-donor comparison"
"BEN","Benin","MEU",40,0,0,0,1980,2019,"WAEMU"
"BFA","Burkina Faso","MEU",40,0,0,0,1980,2019,"WAEMU"
"CIV","Côte d'Ivoire","MEU",40,0,0,0,1980,2019,"WAEMU"
"MLI","Mali","MEU",40,0,0,0,1980,2019,"WAEMU"
"NER","Niger","MEU",40,0,0,0,1980,2019,"WAEMU"
"SEN","Senegal","MEU",40,0,0,0,1980,2019,"WAEMU"
"TGO","Togo","MEU",40,0,0,0,1980,2019,"WAEMU"
"GNQ","Equatorial Guinea","XEU",40,1,1,0,1981,2019,"CAEMC"
"TCD","Chad","XEU",40,1,1,0,1981,2019,"CAEMC"
"CAF","Central African Republic","XEU",40,0,0,0,1980,2019,"CAEMC"
"CMR","Cameroon","XEU",40,0,0,0,1980,2019,"CAEMC"
"COG","Republic of Congo","XEU",40,0,0,0,1980,2019,"CAEMC"
"GAB","Gabon","XEU",40,0,0,0,1980,2019,"CAEMC"
"BTN","Bhutan","XEU",40,40,22,18,NA,NA,"Donor pool"
"BWA","Botswana","XEU",40,40,22,18,NA,NA,"Donor pool"
"GUY","Guyana","XEU",40,40,22,18,NA,NA,"Donor pool"
"IRQ","Iraq","XEU",40,40,22,18,NA,NA,"Donor pool"
"KNA","St. Kitts and Nevis","XEU",40,40,22,18,NA,NA,"Donor pool"
"LSO","Lesotho","XEU",40,40,22,18,NA,NA,"Donor pool"
"NAM","Namibia","XEU",40,40,22,18,NA,NA,"Donor pool"
"SWZ","Eswatini","XEU",40,40,22,18,NA,NA,"Donor pool"
"TKM","Turkmenistan","XEU",40,40,22,18,NA,NA,"Donor pool"
"LAO","Lao PDR","XEU",40,1,1,0,1981,2019,"Donor pool"
"LCA","St. Lucia","XEU",40,1,1,0,1981,2019,"Donor pool"
"BGD","Bangladesh","XEU",40,0,0,0,1980,2019,"Donor pool"
"BOL","Bolivia","XEU",40,0,0,0,1980,2019,"Donor pool"
"BRB","Barbados","XEU",40,0,0,0,1980,2019,"Donor pool"
"CPV","Cabo Verde","XEU",40,0,0,0,1980,2019,"Donor pool"
"DMA","Dominica","XEU",40,0,0,0,1980,2019,"Donor pool"
"ECU","Ecuador","XEU",40,0,0,0,1980,2019,"Donor pool"
"GRD","Grenada","XEU",40,0,0,0,1980,2019,"Donor pool"
"MAR","Morocco","XEU",40,0,0,0,1980,2019,"Donor pool"
"MUS","Mauritius","XEU",40,0,0,0,1980,2019,"Donor pool"
"SYC","Seychelles","XEU",40,0,0,0,1980,2019,"Donor pool"
"ETH","Ethiopia","XEU",41,41,23,18,NA,NA,"Non-donor comparison"
"AGO","Angola","XEU",40,40,22,18,NA,NA,"Non-donor comparison"
"BDI","Burundi","XEU",40,40,22,18,NA,NA,"Non-donor comparison"
"COD","Congo, Dem. Rep.","XEU",40,40,22,18,NA,NA,"Non-donor comparison"
"GHA","Ghana","XEU",40,40,22,18,NA,NA,"Non-donor comparison"
"GIN","Guinea","XEU",40,40,22,18,NA,NA,"Non-donor comparison"
"GMB","Gambia, The","XEU",40,40,22,18,NA,NA,"Non-donor comparison"
"KEN","Kenya","XEU",40,40,22,18,NA,NA,"Non-donor comparison"
"MDG","Madagascar","XEU",40,40,22,18,NA,NA,"Non-donor comparison"
"MWI","Malawi","XEU",40,40,22,18,NA,NA,"Non-donor comparison"
"NGA","Nigeria","XEU",40,40,22,18,NA,NA,"Non-donor comparison"
"SDN","Sudan","XEU",41,41,22,19,NA,NA,"Non-donor comparison"
"SLE","Sierra Leone","XEU",40,40,22,18,NA,NA,"Non-donor comparison"
"STP","Sao Tome and Principe","XEU",40,40,22,18,NA,NA,"Non-donor comparison"
"TZA","Tanzania","XEU",40,40,22,18,NA,NA,"Non-donor comparison"
"UGA","Uganda","XEU",40,40,22,18,NA,NA,"Non-donor comparison"
"ZMB","Zambia","XEU",40,40,22,18,NA,NA,"Non-donor comparison"
"ZWE","Zimbabwe","XEU",40,40,22,18,NA,NA,"Non-donor comparison"
"BEN","Benin","XEU",40,0,0,0,1980,2019,"WAEMU"
"BFA","Burkina Faso","XEU",40,0,0,0,1980,2019,"WAEMU"
"CIV","Côte d'Ivoire","XEU",40,0,0,0,1980,2019,"WAEMU"
"MLI","Mali","XEU",40,0,0,0,1980,2019,"WAEMU"
"NER","Niger","XEU",40,0,0,0,1980,2019,"WAEMU"
"SEN","Senegal","XEU",40,0,0,0,1980,2019,"WAEMU"
"TGO","Togo","XEU",40,0,0,0,1980,2019,"WAEMU"
"CAF","Central African Republic","exports_gdp",40,0,0,0,1980,2019,"CAEMC"
"CMR","Cameroon","exports_gdp",40,0,0,0,1980,2019,"CAEMC"
"COG","Republic of Congo","exports_gdp",40,0,0,0,1980,2019,"CAEMC"
"GAB","Gabon","exports_gdp",40,0,0,0,1980,2019,"CAEMC"
"GNQ","Equatorial Guinea","exports_gdp",40,0,0,0,1980,2019,"CAEMC"
"TCD","Chad","exports_gdp",40,0,0,0,1980,2019,"CAEMC"
"BGD","Bangladesh","exports_gdp",40,0,0,0,1980,2019,"Donor pool"
"BOL","Bolivia","exports_gdp",40,0,0,0,1980,2019,"Donor pool"
"BRB","Barbados","exports_gdp",40,0,0,0,1980,2019,"Donor pool"
"BTN","Bhutan","exports_gdp",40,0,0,0,1980,2019,"Donor pool"
"BWA","Botswana","exports_gdp",40,0,0,0,1980,2019,"Donor pool"
"CPV","Cabo Verde","exports_gdp",40,0,0,0,1980,2019,"Donor pool"
"DMA","Dominica","exports_gdp",40,0,0,0,1980,2019,"Donor pool"
"ECU","Ecuador","exports_gdp",40,0,0,0,1980,2019,"Donor pool"
"GRD","Grenada","exports_gdp",40,0,0,0,1980,2019,"Donor pool"
"GUY","Guyana","exports_gdp",40,0,0,0,1980,2019,"Donor pool"
"IRQ","Iraq","exports_gdp",40,0,0,0,1980,2019,"Donor pool"
"KNA","St. Kitts and Nevis","exports_gdp",40,0,0,0,1980,2019,"Donor pool"
"LAO","Lao PDR","exports_gdp",40,0,0,0,1980,2019,"Donor pool"
"LCA","St. Lucia","exports_gdp",40,0,0,0,1980,2019,"Donor pool"
"LSO","Lesotho","exports_gdp",40,0,0,0,1980,2019,"Donor pool"
"MAR","Morocco","exports_gdp",40,0,0,0,1980,2019,"Donor pool"
"MUS","Mauritius","exports_gdp",40,0,0,0,1980,2019,"Donor pool"
"NAM","Namibia","exports_gdp",40,0,0,0,1980,2019,"Donor pool"
"SWZ","Eswatini","exports_gdp",40,0,0,0,1980,2019,"Donor pool"
"SYC","Seychelles","exports_gdp",40,0,0,0,1980,2019,"Donor pool"
"TKM","Turkmenistan","exports_gdp",40,0,0,0,1980,2019,"Donor pool"
"AGO","Angola","exports_gdp",40,0,0,0,1980,2019,"Non-donor comparison"
"BDI","Burundi","exports_gdp",40,0,0,0,1980,2019,"Non-donor comparison"
"COD","Congo, Dem. Rep.","exports_gdp",40,0,0,0,1980,2019,"Non-donor comparison"
"ETH","Ethiopia","exports_gdp",41,0,0,0,1980,2019,"Non-donor comparison"
"GHA","Ghana","exports_gdp",40,0,0,0,1980,2019,"Non-donor comparison"
"GIN","Guinea","exports_gdp",40,0,0,0,1980,2019,"Non-donor comparison"
"GMB","Gambia, The","exports_gdp",40,0,0,0,1980,2019,"Non-donor comparison"
"KEN","Kenya","exports_gdp",40,0,0,0,1980,2019,"Non-donor comparison"
"MDG","Madagascar","exports_gdp",40,0,0,0,1980,2019,"Non-donor comparison"
"MWI","Malawi","exports_gdp",40,0,0,0,1980,2019,"Non-donor comparison"
"NGA","Nigeria","exports_gdp",40,0,0,0,1980,2019,"Non-donor comparison"
"SDN","Sudan","exports_gdp",41,0,0,0,1980,2019,"Non-donor comparison"
"SLE","Sierra Leone","exports_gdp",40,0,0,0,1980,2019,"Non-donor comparison"
"STP","Sao Tome and Principe","exports_gdp",40,0,0,0,1980,2019,"Non-donor comparison"
"TZA","Tanzania","exports_gdp",40,0,0,0,1980,2019,"Non-donor comparison"
"UGA","Uganda","exports_gdp",40,0,0,0,1980,2019,"Non-donor comparison"
"ZMB","Zambia","exports_gdp",40,0,0,0,1980,2019,"Non-donor comparison"
"ZWE","Zimbabwe","exports_gdp",40,0,0,0,1980,2019,"Non-donor comparison"
"BEN","Benin","exports_gdp",40,0,0,0,1980,2019,"WAEMU"
"BFA","Burkina Faso","exports_gdp",40,0,0,0,1980,2019,"WAEMU"
"CIV","Côte d'Ivoire","exports_gdp",40,0,0,0,1980,2019,"WAEMU"
"MLI","Mali","exports_gdp",40,0,0,0,1980,2019,"WAEMU"
"NER","Niger","exports_gdp",40,0,0,0,1980,2019,"WAEMU"
"SEN","Senegal","exports_gdp",40,0,0,0,1980,2019,"WAEMU"
"TGO","Togo","exports_gdp",40,0,0,0,1980,2019,"WAEMU"
"CAF","Central African Republic","imports_gdp",40,0,0,0,1980,2019,"CAEMC"
"CMR","Cameroon","imports_gdp",40,0,0,0,1980,2019,"CAEMC"
"COG","Republic of Congo","imports_gdp",40,0,0,0,1980,2019,"CAEMC"
"GAB","Gabon","imports_gdp",40,0,0,0,1980,2019,"CAEMC"
"GNQ","Equatorial Guinea","imports_gdp",40,0,0,0,1980,2019,"CAEMC"
"TCD","Chad","imports_gdp",40,0,0,0,1980,2019,"CAEMC"
"BGD","Bangladesh","imports_gdp",40,0,0,0,1980,2019,"Donor pool"
"BOL","Bolivia","imports_gdp",40,0,0,0,1980,2019,"Donor pool"
"BRB","Barbados","imports_gdp",40,0,0,0,1980,2019,"Donor pool"
"BTN","Bhutan","imports_gdp",40,0,0,0,1980,2019,"Donor pool"
"BWA","Botswana","imports_gdp",40,0,0,0,1980,2019,"Donor pool"
"CPV","Cabo Verde","imports_gdp",40,0,0,0,1980,2019,"Donor pool"
"DMA","Dominica","imports_gdp",40,0,0,0,1980,2019,"Donor pool"
"ECU","Ecuador","imports_gdp",40,0,0,0,1980,2019,"Donor pool"
"GRD","Grenada","imports_gdp",40,0,0,0,1980,2019,"Donor pool"
"GUY","Guyana","imports_gdp",40,0,0,0,1980,2019,"Donor pool"
"IRQ","Iraq","imports_gdp",40,0,0,0,1980,2019,"Donor pool"
"KNA","St. Kitts and Nevis","imports_gdp",40,0,0,0,1980,2019,"Donor pool"
"LAO","Lao PDR","imports_gdp",40,0,0,0,1980,2019,"Donor pool"
"LCA","St. Lucia","imports_gdp",40,0,0,0,1980,2019,"Donor pool"
"LSO","Lesotho","imports_gdp",40,0,0,0,1980,2019,"Donor pool"
"MAR","Morocco","imports_gdp",40,0,0,0,1980,2019,"Donor pool"
"MUS","Mauritius","imports_gdp",40,0,0,0,1980,2019,"Donor pool"
"NAM","Namibia","imports_gdp",40,0,0,0,1980,2019,"Donor pool"
"SWZ","Eswatini","imports_gdp",40,0,0,0,1980,2019,"Donor pool"
"SYC","Seychelles","imports_gdp",40,0,0,0,1980,2019,"Donor pool"
"TKM","Turkmenistan","imports_gdp",40,0,0,0,1980,2019,"Donor pool"
"AGO","Angola","imports_gdp",40,0,0,0,1980,2019,"Non-donor comparison"
"BDI","Burundi","imports_gdp",40,0,0,0,1980,2019,"Non-donor comparison"
"COD","Congo, Dem. Rep.","imports_gdp",40,0,0,0,1980,2019,"Non-donor comparison"
"ETH","Ethiopia","imports_gdp",41,0,0,0,1980,2019,"Non-donor comparison"
"GHA","Ghana","imports_gdp",40,0,0,0,1980,2019,"Non-donor comparison"
"GIN","Guinea","imports_gdp",40,0,0,0,1980,2019,"Non-donor comparison"
"GMB","Gambia, The","imports_gdp",40,0,0,0,1980,2019,"Non-donor comparison"
"KEN","Kenya","imports_gdp",40,0,0,0,1980,2019,"Non-donor comparison"
"MDG","Madagascar","imports_gdp",40,0,0,0,1980,2019,"Non-donor comparison"
"MWI","Malawi","imports_gdp",40,0,0,0,1980,2019,"Non-donor comparison"
"NGA","Nigeria","imports_gdp",40,0,0,0,1980,2019,"Non-donor comparison"
"SDN","Sudan","imports_gdp",41,0,0,0,1980,2019,"Non-donor comparison"
"SLE","Sierra Leone","imports_gdp",40,0,0,0,1980,2019,"Non-donor comparison"
"STP","Sao Tome and Principe","imports_gdp",40,0,0,0,1980,2019,"Non-donor comparison"
"TZA","Tanzania","imports_gdp",40,0,0,0,1980,2019,"Non-donor comparison"
"UGA","Uganda","imports_gdp",40,0,0,0,1980,2019,"Non-donor comparison"
"ZMB","Zambia","imports_gdp",40,0,0,0,1980,2019,"Non-donor comparison"
"ZWE","Zimbabwe","imports_gdp",40,0,0,0,1980,2019,"Non-donor comparison"
"BEN","Benin","imports_gdp",40,0,0,0,1980,2019,"WAEMU"
"BFA","Burkina Faso","imports_gdp",40,0,0,0,1980,2019,"WAEMU"
"CIV","Côte d'Ivoire","imports_gdp",40,0,0,0,1980,2019,"WAEMU"
"MLI","Mali","imports_gdp",40,0,0,0,1980,2019,"WAEMU"
"NER","Niger","imports_gdp",40,0,0,0,1980,2019,"WAEMU"
"SEN","Senegal","imports_gdp",40,0,0,0,1980,2019,"WAEMU"
"TGO","Togo","imports_gdp",40,0,0,0,1980,2019,"WAEMU"
"CAF","Central African Republic","trade_openness",40,0,0,0,1980,2019,"CAEMC"
"CMR","Cameroon","trade_openness",40,0,0,0,1980,2019,"CAEMC"
"COG","Republic of Congo","trade_openness",40,0,0,0,1980,2019,"CAEMC"
"GAB","Gabon","trade_openness",40,0,0,0,1980,2019,"CAEMC"
"GNQ","Equatorial Guinea","trade_openness",40,0,0,0,1980,2019,"CAEMC"
"TCD","Chad","trade_openness",40,0,0,0,1980,2019,"CAEMC"
"BGD","Bangladesh","trade_openness",40,0,0,0,1980,2019,"Donor pool"
"BOL","Bolivia","trade_openness",40,0,0,0,1980,2019,"Donor pool"
"BRB","Barbados","trade_openness",40,0,0,0,1980,2019,"Donor pool"
"BTN","Bhutan","trade_openness",40,0,0,0,1980,2019,"Donor pool"
"BWA","Botswana","trade_openness",40,0,0,0,1980,2019,"Donor pool"
"CPV","Cabo Verde","trade_openness",40,0,0,0,1980,2019,"Donor pool"
"DMA","Dominica","trade_openness",40,0,0,0,1980,2019,"Donor pool"
"ECU","Ecuador","trade_openness",40,0,0,0,1980,2019,"Donor pool"
"GRD","Grenada","trade_openness",40,0,0,0,1980,2019,"Donor pool"
"GUY","Guyana","trade_openness",40,0,0,0,1980,2019,"Donor pool"
"IRQ","Iraq","trade_openness",40,0,0,0,1980,2019,"Donor pool"
"KNA","St. Kitts and Nevis","trade_openness",40,0,0,0,1980,2019,"Donor pool"
"LAO","Lao PDR","trade_openness",40,0,0,0,1980,2019,"Donor pool"
"LCA","St. Lucia","trade_openness",40,0,0,0,1980,2019,"Donor pool"
"LSO","Lesotho","trade_openness",40,0,0,0,1980,2019,"Donor pool"
"MAR","Morocco","trade_openness",40,0,0,0,1980,2019,"Donor pool"
"MUS","Mauritius","trade_openness",40,0,0,0,1980,2019,"Donor pool"
"NAM","Namibia","trade_openness",40,0,0,0,1980,2019,"Donor pool"
"SWZ","Eswatini","trade_openness",40,0,0,0,1980,2019,"Donor pool"
"SYC","Seychelles","trade_openness",40,0,0,0,1980,2019,"Donor pool"
"TKM","Turkmenistan","trade_openness",40,0,0,0,1980,2019,"Donor pool"
"AGO","Angola","trade_openness",40,0,0,0,1980,2019,"Non-donor comparison"
"BDI","Burundi","trade_openness",40,0,0,0,1980,2019,"Non-donor comparison"
"COD","Congo, Dem. Rep.","trade_openness",40,0,0,0,1980,2019,"Non-donor comparison"
"ETH","Ethiopia","trade_openness",41,0,0,0,1980,2019,"Non-donor comparison"
"GHA","Ghana","trade_openness",40,0,0,0,1980,2019,"Non-donor comparison"
"GIN","Guinea","trade_openness",40,0,0,0,1980,2019,"Non-donor comparison"
"GMB","Gambia, The","trade_openness",40,0,0,0,1980,2019,"Non-donor comparison"
"KEN","Kenya","trade_openness",40,0,0,0,1980,2019,"Non-donor comparison"
"MDG","Madagascar","trade_openness",40,0,0,0,1980,2019,"Non-donor comparison"
"MWI","Malawi","trade_openness",40,0,0,0,1980,2019,"Non-donor comparison"
"NGA","Nigeria","trade_openness",40,0,0,0,1980,2019,"Non-donor comparison"
"SDN","Sudan","trade_openness",41,0,0,0,1980,2019,"Non-donor comparison"
"SLE","Sierra Leone","trade_openness",40,0,0,0,1980,2019,"Non-donor comparison"
"STP","Sao Tome and Principe","trade_openness",40,0,0,0,1980,2019,"Non-donor comparison"
"TZA","Tanzania","trade_openness",40,0,0,0,1980,2019,"Non-donor comparison"
"UGA","Uganda","trade_openness",40,0,0,0,1980,2019,"Non-donor comparison"
"ZMB","Zambia","trade_openness",40,0,0,0,1980,2019,"Non-donor comparison"
"ZWE","Zimbabwe","trade_openness",40,0,0,0,1980,2019,"Non-donor comparison"
"BEN","Benin","trade_openness",40,0,0,0,1980,2019,"WAEMU"
"BFA","Burkina Faso","trade_openness",40,0,0,0,1980,2019,"WAEMU"
"CIV","Côte d'Ivoire","trade_openness",40,0,0,0,1980,2019,"WAEMU"
"MLI","Mali","trade_openness",40,0,0,0,1980,2019,"WAEMU"
"NER","Niger","trade_openness",40,0,0,0,1980,2019,"WAEMU"
"SEN","Senegal","trade_openness",40,0,0,0,1980,2019,"WAEMU"
"TGO","Togo","trade_openness",40,0,0,0,1980,2019,"WAEMU"
