"outcome","treated_iso3c","placebo_iso3c","success","error_message"
"XEU","BEN","BGD",TRUE,NA
"XEU","BEN","BRB",TRUE,NA
"XEU","BEN","BOL",TRUE,NA
"XEU","BEN","CPV",TRUE,NA
"XEU","BEN","DMA",TRUE,NA
"XEU","BEN","ECU",TRUE,NA
"XEU","BEN","GRD",TRUE,NA
"XEU","BEN","LAO",TRUE,NA
"XEU","BEN","MUS",TRUE,NA
"XEU","BEN","MAR",TRUE,NA
"XEU","BEN","LCA",TRUE,NA
"XEU","BFA","BGD",TRUE,NA
"XEU","BFA","BRB",TRUE,NA
"XEU","BFA","BOL",TRUE,NA
"XEU","BFA","CPV",TRUE,NA
"XEU","BFA","DMA",TRUE,NA
"XEU","BFA","ECU",TRUE,NA
"XEU","BFA","GRD",TRUE,NA
"XEU","BFA","LAO",TRUE,NA
"XEU","BFA","MUS",TRUE,NA
"XEU","BFA","MAR",TRUE,NA
"XEU","BFA","LCA",TRUE,NA
"XEU","CIV","BGD",TRUE,NA
"XEU","CIV","BRB",TRUE,NA
"XEU","CIV","BOL",TRUE,NA
"XEU","CIV","CPV",TRUE,NA
"XEU","CIV","DMA",TRUE,NA
"XEU","CIV","ECU",TRUE,NA
"XEU","CIV","GRD",TRUE,NA
"XEU","CIV","LAO",TRUE,NA
"XEU","CIV","MUS",TRUE,NA
"XEU","CIV","MAR",TRUE,NA
"XEU","CIV","LCA",TRUE,NA
"XEU","MLI","BGD",TRUE,NA
"XEU","MLI","BRB",TRUE,NA
"XEU","MLI","BOL",TRUE,NA
"XEU","MLI","CPV",TRUE,NA
"XEU","MLI","DMA",TRUE,NA
"XEU","MLI","ECU",TRUE,NA
"XEU","MLI","GRD",TRUE,NA
"XEU","MLI","LAO",TRUE,NA
"XEU","MLI","MUS",TRUE,NA
"XEU","MLI","MAR",TRUE,NA
"XEU","MLI","LCA",TRUE,NA
"XEU","NER","BGD",TRUE,NA
"XEU","NER","BRB",TRUE,NA
"XEU","NER","BOL",TRUE,NA
"XEU","NER","CPV",TRUE,NA
"XEU","NER","DMA",TRUE,NA
"XEU","NER","ECU",TRUE,NA
"XEU","NER","GRD",TRUE,NA
"XEU","NER","LAO",TRUE,NA
"XEU","NER","MUS",TRUE,NA
"XEU","NER","MAR",TRUE,NA
"XEU","NER","LCA",TRUE,NA
"XEU","SEN","BGD",TRUE,NA
"XEU","SEN","BRB",TRUE,NA
"XEU","SEN","BOL",TRUE,NA
"XEU","SEN","CPV",TRUE,NA
"XEU","SEN","DMA",TRUE,NA
"XEU","SEN","ECU",TRUE,NA
"XEU","SEN","GRD",TRUE,NA
"XEU","SEN","LAO",TRUE,NA
"XEU","SEN","MUS",TRUE,NA
"XEU","SEN","MAR",TRUE,NA
"XEU","SEN","LCA",TRUE,NA
"XEU","TGO","BGD",TRUE,NA
"XEU","TGO","BRB",TRUE,NA
"XEU","TGO","BOL",TRUE,NA
"XEU","TGO","CPV",TRUE,NA
"XEU","TGO","DMA",TRUE,NA
"XEU","TGO","ECU",TRUE,NA
"XEU","TGO","GRD",TRUE,NA
"XEU","TGO","LAO",TRUE,NA
"XEU","TGO","MUS",TRUE,NA
"XEU","TGO","MAR",TRUE,NA
"XEU","TGO","LCA",TRUE,NA
"XEU","CMR","BGD",TRUE,NA
"XEU","CMR","BRB",TRUE,NA
"XEU","CMR","BOL",TRUE,NA
"XEU","CMR","CPV",TRUE,NA
"XEU","CMR","DMA",TRUE,NA
"XEU","CMR","ECU",TRUE,NA
"XEU","CMR","GRD",TRUE,NA
"XEU","CMR","LAO",TRUE,NA
"XEU","CMR","MUS",TRUE,NA
"XEU","CMR","MAR",TRUE,NA
"XEU","CMR","LCA",TRUE,NA
"XEU","CAF","BGD",TRUE,NA
"XEU","CAF","BRB",TRUE,NA
"XEU","CAF","BOL",TRUE,NA
"XEU","CAF","CPV",TRUE,NA
"XEU","CAF","DMA",TRUE,NA
"XEU","CAF","ECU",TRUE,NA
"XEU","CAF","GRD",TRUE,NA
"XEU","CAF","LAO",TRUE,NA
"XEU","CAF","MUS",TRUE,NA
"XEU","CAF","MAR",TRUE,NA
"XEU","CAF","LCA",TRUE,NA
"XEU","TCD","BGD",TRUE,NA
"XEU","TCD","BRB",TRUE,NA
"XEU","TCD","BOL",TRUE,NA
"XEU","TCD","CPV",TRUE,NA
"XEU","TCD","DMA",TRUE,NA
"XEU","TCD","ECU",TRUE,NA
"XEU","TCD","GRD",TRUE,NA
"XEU","TCD","LAO",TRUE,NA
"XEU","TCD","MUS",TRUE,NA
"XEU","TCD","MAR",TRUE,NA
"XEU","TCD","LCA",TRUE,NA
"XEU","COG","BGD",TRUE,NA
"XEU","COG","BRB",TRUE,NA
"XEU","COG","BOL",TRUE,NA
"XEU","COG","CPV",TRUE,NA
"XEU","COG","DMA",TRUE,NA
"XEU","COG","ECU",TRUE,NA
"XEU","COG","GRD",TRUE,NA
"XEU","COG","LAO",TRUE,NA
"XEU","COG","MUS",TRUE,NA
"XEU","COG","MAR",TRUE,NA
"XEU","COG","LCA",TRUE,NA
"XEU","GAB","BGD",TRUE,NA
"XEU","GAB","BRB",TRUE,NA
"XEU","GAB","BOL",TRUE,NA
"XEU","GAB","CPV",TRUE,NA
"XEU","GAB","DMA",TRUE,NA
"XEU","GAB","ECU",TRUE,NA
"XEU","GAB","GRD",TRUE,NA
"XEU","GAB","LAO",TRUE,NA
"XEU","GAB","MUS",TRUE,NA
"XEU","GAB","MAR",TRUE,NA
"XEU","GAB","LCA",TRUE,NA
"XEU","GNQ","BGD",TRUE,NA
"XEU","GNQ","BRB",TRUE,NA
"XEU","GNQ","BOL",TRUE,NA
"XEU","GNQ","CPV",TRUE,NA
"XEU","GNQ","DMA",TRUE,NA
"XEU","GNQ","ECU",TRUE,NA
"XEU","GNQ","GRD",TRUE,NA
"XEU","GNQ","LAO",TRUE,NA
"XEU","GNQ","MUS",TRUE,NA
"XEU","GNQ","MAR",TRUE,NA
"XEU","GNQ","LCA",TRUE,NA
"MEU","BEN","BGD",TRUE,NA
"MEU","BEN","BRB",TRUE,NA
"MEU","BEN","BOL",TRUE,NA
"MEU","BEN","CPV",TRUE,NA
"MEU","BEN","DMA",TRUE,NA
"MEU","BEN","ECU",TRUE,NA
"MEU","BEN","GRD",TRUE,NA
"MEU","BEN","LAO",TRUE,NA
"MEU","BEN","MUS",TRUE,NA
"MEU","BEN","MAR",TRUE,NA
"MEU","BEN","LCA",TRUE,NA
"MEU","BEN","SYC",TRUE,NA
"MEU","BFA","BGD",TRUE,NA
"MEU","BFA","BRB",TRUE,NA
"MEU","BFA","BOL",TRUE,NA
"MEU","BFA","CPV",TRUE,NA
"MEU","BFA","DMA",TRUE,NA
"MEU","BFA","ECU",TRUE,NA
"MEU","BFA","GRD",TRUE,NA
"MEU","BFA","LAO",TRUE,NA
"MEU","BFA","MUS",TRUE,NA
"MEU","BFA","MAR",TRUE,NA
"MEU","BFA","LCA",TRUE,NA
"MEU","BFA","SYC",TRUE,NA
"MEU","CIV","BGD",TRUE,NA
"MEU","CIV","BRB",TRUE,NA
"MEU","CIV","BOL",TRUE,NA
"MEU","CIV","CPV",TRUE,NA
"MEU","CIV","DMA",TRUE,NA
"MEU","CIV","ECU",TRUE,NA
"MEU","CIV","GRD",TRUE,NA
"MEU","CIV","LAO",TRUE,NA
"MEU","CIV","MUS",TRUE,NA
"MEU","CIV","MAR",TRUE,NA
"MEU","CIV","LCA",TRUE,NA
"MEU","CIV","SYC",TRUE,NA
"MEU","MLI","BGD",TRUE,NA
"MEU","MLI","BRB",TRUE,NA
"MEU","MLI","BOL",TRUE,NA
"MEU","MLI","CPV",TRUE,NA
"MEU","MLI","DMA",TRUE,NA
"MEU","MLI","ECU",TRUE,NA
"MEU","MLI","GRD",TRUE,NA
"MEU","MLI","LAO",TRUE,NA
"MEU","MLI","MUS",TRUE,NA
"MEU","MLI","MAR",TRUE,NA
"MEU","MLI","LCA",TRUE,NA
"MEU","MLI","SYC",TRUE,NA
"MEU","NER","BGD",TRUE,NA
"MEU","NER","BRB",TRUE,NA
"MEU","NER","BOL",TRUE,NA
"MEU","NER","CPV",TRUE,NA
"MEU","NER","DMA",TRUE,NA
"MEU","NER","ECU",TRUE,NA
"MEU","NER","GRD",TRUE,NA
"MEU","NER","LAO",TRUE,NA
"MEU","NER","MUS",TRUE,NA
"MEU","NER","MAR",TRUE,NA
"MEU","NER","LCA",TRUE,NA
"MEU","NER","SYC",TRUE,NA
"MEU","SEN","BGD",TRUE,NA
"MEU","SEN","BRB",TRUE,NA
"MEU","SEN","BOL",TRUE,NA
"MEU","SEN","CPV",TRUE,NA
"MEU","SEN","DMA",TRUE,NA
"MEU","SEN","ECU",TRUE,NA
"MEU","SEN","GRD",TRUE,NA
"MEU","SEN","LAO",TRUE,NA
"MEU","SEN","MUS",TRUE,NA
"MEU","SEN","MAR",TRUE,NA
"MEU","SEN","LCA",TRUE,NA
"MEU","SEN","SYC",TRUE,NA
"MEU","TGO","BGD",TRUE,NA
"MEU","TGO","BRB",TRUE,NA
"MEU","TGO","BOL",TRUE,NA
"MEU","TGO","CPV",TRUE,NA
"MEU","TGO","DMA",TRUE,NA
"MEU","TGO","ECU",TRUE,NA
"MEU","TGO","GRD",TRUE,NA
"MEU","TGO","LAO",TRUE,NA
"MEU","TGO","MUS",TRUE,NA
"MEU","TGO","MAR",TRUE,NA
"MEU","TGO","LCA",TRUE,NA
"MEU","TGO","SYC",TRUE,NA
"MEU","CMR","BGD",TRUE,NA
"MEU","CMR","BRB",TRUE,NA
"MEU","CMR","BOL",TRUE,NA
"MEU","CMR","CPV",TRUE,NA
"MEU","CMR","DMA",TRUE,NA
"MEU","CMR","ECU",TRUE,NA
"MEU","CMR","GRD",TRUE,NA
"MEU","CMR","LAO",TRUE,NA
"MEU","CMR","MUS",TRUE,NA
"MEU","CMR","MAR",TRUE,NA
"MEU","CMR","LCA",TRUE,NA
"MEU","CMR","SYC",TRUE,NA
"MEU","CAF","BGD",TRUE,NA
"MEU","CAF","BRB",TRUE,NA
"MEU","CAF","BOL",TRUE,NA
"MEU","CAF","CPV",TRUE,NA
"MEU","CAF","DMA",TRUE,NA
"MEU","CAF","ECU",TRUE,NA
"MEU","CAF","GRD",TRUE,NA
"MEU","CAF","LAO",TRUE,NA
"MEU","CAF","MUS",TRUE,NA
"MEU","CAF","MAR",TRUE,NA
"MEU","CAF","LCA",TRUE,NA
"MEU","CAF","SYC",TRUE,NA
"MEU","TCD","BGD",TRUE,NA
"MEU","TCD","BRB",TRUE,NA
"MEU","TCD","BOL",TRUE,NA
"MEU","TCD","CPV",TRUE,NA
"MEU","TCD","DMA",TRUE,NA
"MEU","TCD","ECU",TRUE,NA
"MEU","TCD","GRD",TRUE,NA
"MEU","TCD","LAO",TRUE,NA
"MEU","TCD","MUS",TRUE,NA
"MEU","TCD","MAR",TRUE,NA
"MEU","TCD","LCA",TRUE,NA
"MEU","TCD","SYC",TRUE,NA
"MEU","COG","BGD",TRUE,NA
"MEU","COG","BRB",TRUE,NA
"MEU","COG","BOL",TRUE,NA
"MEU","COG","CPV",TRUE,NA
"MEU","COG","DMA",TRUE,NA
"MEU","COG","ECU",TRUE,NA
"MEU","COG","GRD",TRUE,NA
"MEU","COG","LAO",TRUE,NA
"MEU","COG","MUS",TRUE,NA
"MEU","COG","MAR",TRUE,NA
"MEU","COG","LCA",TRUE,NA
"MEU","COG","SYC",TRUE,NA
"MEU","GAB","BGD",TRUE,NA
"MEU","GAB","BRB",TRUE,NA
"MEU","GAB","BOL",TRUE,NA
"MEU","GAB","CPV",TRUE,NA
"MEU","GAB","DMA",TRUE,NA
"MEU","GAB","ECU",TRUE,NA
"MEU","GAB","GRD",TRUE,NA
"MEU","GAB","LAO",TRUE,NA
"MEU","GAB","MUS",TRUE,NA
"MEU","GAB","MAR",TRUE,NA
"MEU","GAB","LCA",TRUE,NA
"MEU","GAB","SYC",TRUE,NA
"MEU","GNQ","BGD",TRUE,NA
"MEU","GNQ","BRB",TRUE,NA
"MEU","GNQ","BOL",TRUE,NA
"MEU","GNQ","CPV",TRUE,NA
"MEU","GNQ","DMA",TRUE,NA
"MEU","GNQ","ECU",TRUE,NA
"MEU","GNQ","GRD",TRUE,NA
"MEU","GNQ","LAO",TRUE,NA
"MEU","GNQ","MUS",TRUE,NA
"MEU","GNQ","MAR",TRUE,NA
"MEU","GNQ","LCA",TRUE,NA
"MEU","GNQ","SYC",TRUE,NA
"trade_openness","BEN","BGD",TRUE,NA
"trade_openness","BEN","BTN",TRUE,NA
"trade_openness","BEN","BOL",TRUE,NA
"trade_openness","BEN","BWA",TRUE,NA
"trade_openness","BEN","CPV",TRUE,NA
"trade_openness","BEN","ECU",TRUE,NA
"trade_openness","BEN","MUS",TRUE,NA
"trade_openness","BEN","MAR",TRUE,NA
"trade_openness","BEN","NAM",TRUE,NA
"trade_openness","BEN","SYC",TRUE,NA
"trade_openness","BEN","IRQ",TRUE,NA
"trade_openness","BFA","BGD",TRUE,NA
"trade_openness","BFA","BTN",TRUE,NA
"trade_openness","BFA","BOL",TRUE,NA
"trade_openness","BFA","BWA",TRUE,NA
"trade_openness","BFA","CPV",TRUE,NA
"trade_openness","BFA","ECU",TRUE,NA
"trade_openness","BFA","MUS",TRUE,NA
"trade_openness","BFA","MAR",TRUE,NA
"trade_openness","BFA","NAM",TRUE,NA
"trade_openness","BFA","SYC",TRUE,NA
"trade_openness","BFA","IRQ",TRUE,NA
"trade_openness","CIV","BGD",TRUE,NA
"trade_openness","CIV","BTN",TRUE,NA
"trade_openness","CIV","BOL",TRUE,NA
"trade_openness","CIV","BWA",TRUE,NA
"trade_openness","CIV","CPV",TRUE,NA
"trade_openness","CIV","ECU",TRUE,NA
"trade_openness","CIV","MUS",TRUE,NA
"trade_openness","CIV","MAR",TRUE,NA
"trade_openness","CIV","NAM",TRUE,NA
"trade_openness","CIV","SYC",TRUE,NA
"trade_openness","CIV","IRQ",TRUE,NA
"trade_openness","MLI","BGD",TRUE,NA
"trade_openness","MLI","BTN",TRUE,NA
"trade_openness","MLI","BOL",TRUE,NA
"trade_openness","MLI","BWA",TRUE,NA
"trade_openness","MLI","CPV",TRUE,NA
"trade_openness","MLI","ECU",TRUE,NA
"trade_openness","MLI","MUS",TRUE,NA
"trade_openness","MLI","MAR",TRUE,NA
"trade_openness","MLI","NAM",TRUE,NA
"trade_openness","MLI","SYC",TRUE,NA
"trade_openness","MLI","IRQ",TRUE,NA
"trade_openness","NER","BGD",TRUE,NA
"trade_openness","NER","BTN",TRUE,NA
"trade_openness","NER","BOL",TRUE,NA
"trade_openness","NER","BWA",TRUE,NA
"trade_openness","NER","CPV",TRUE,NA
"trade_openness","NER","ECU",TRUE,NA
"trade_openness","NER","MUS",TRUE,NA
"trade_openness","NER","MAR",TRUE,NA
"trade_openness","NER","NAM",TRUE,NA
"trade_openness","NER","SYC",TRUE,NA
"trade_openness","NER","IRQ",TRUE,NA
"trade_openness","SEN","BGD",TRUE,NA
"trade_openness","SEN","BTN",TRUE,NA
"trade_openness","SEN","BOL",TRUE,NA
"trade_openness","SEN","BWA",TRUE,NA
"trade_openness","SEN","CPV",TRUE,NA
"trade_openness","SEN","ECU",TRUE,NA
"trade_openness","SEN","MUS",TRUE,NA
"trade_openness","SEN","MAR",TRUE,NA
"trade_openness","SEN","NAM",TRUE,NA
"trade_openness","SEN","SYC",TRUE,NA
"trade_openness","SEN","IRQ",TRUE,NA
"trade_openness","TGO","BGD",TRUE,NA
"trade_openness","TGO","BTN",TRUE,NA
"trade_openness","TGO","BOL",TRUE,NA
"trade_openness","TGO","BWA",TRUE,NA
"trade_openness","TGO","CPV",TRUE,NA
"trade_openness","TGO","ECU",TRUE,NA
"trade_openness","TGO","MUS",TRUE,NA
"trade_openness","TGO","MAR",TRUE,NA
"trade_openness","TGO","NAM",TRUE,NA
"trade_openness","TGO","SYC",TRUE,NA
"trade_openness","TGO","IRQ",TRUE,NA
"trade_openness","CMR","BGD",TRUE,NA
"trade_openness","CMR","BTN",TRUE,NA
"trade_openness","CMR","BOL",TRUE,NA
"trade_openness","CMR","BWA",TRUE,NA
"trade_openness","CMR","CPV",TRUE,NA
"trade_openness","CMR","ECU",TRUE,NA
"trade_openness","CMR","MUS",TRUE,NA
"trade_openness","CMR","MAR",TRUE,NA
"trade_openness","CMR","NAM",TRUE,NA
"trade_openness","CMR","SYC",TRUE,NA
"trade_openness","CMR","IRQ",TRUE,NA
"trade_openness","CAF","BGD",TRUE,NA
"trade_openness","CAF","BTN",TRUE,NA
"trade_openness","CAF","BOL",TRUE,NA
"trade_openness","CAF","BWA",TRUE,NA
"trade_openness","CAF","CPV",TRUE,NA
"trade_openness","CAF","ECU",TRUE,NA
"trade_openness","CAF","MUS",TRUE,NA
"trade_openness","CAF","MAR",TRUE,NA
"trade_openness","CAF","NAM",TRUE,NA
"trade_openness","CAF","SYC",TRUE,NA
"trade_openness","CAF","IRQ",TRUE,NA
"trade_openness","TCD","BGD",TRUE,NA
"trade_openness","TCD","BTN",TRUE,NA
"trade_openness","TCD","BOL",TRUE,NA
"trade_openness","TCD","BWA",TRUE,NA
"trade_openness","TCD","CPV",TRUE,NA
"trade_openness","TCD","ECU",TRUE,NA
"trade_openness","TCD","MUS",TRUE,NA
"trade_openness","TCD","MAR",TRUE,NA
"trade_openness","TCD","NAM",TRUE,NA
"trade_openness","TCD","SYC",TRUE,NA
"trade_openness","TCD","IRQ",TRUE,NA
"trade_openness","COG","BGD",TRUE,NA
"trade_openness","COG","BTN",TRUE,NA
"trade_openness","COG","BOL",TRUE,NA
"trade_openness","COG","BWA",TRUE,NA
"trade_openness","COG","CPV",TRUE,NA
"trade_openness","COG","ECU",TRUE,NA
"trade_openness","COG","MUS",TRUE,NA
"trade_openness","COG","MAR",TRUE,NA
"trade_openness","COG","NAM",TRUE,NA
"trade_openness","COG","SYC",TRUE,NA
"trade_openness","COG","IRQ",TRUE,NA
"trade_openness","GAB","BGD",TRUE,NA
"trade_openness","GAB","BTN",TRUE,NA
"trade_openness","GAB","BOL",TRUE,NA
"trade_openness","GAB","BWA",TRUE,NA
"trade_openness","GAB","CPV",TRUE,NA
"trade_openness","GAB","ECU",TRUE,NA
"trade_openness","GAB","MUS",TRUE,NA
"trade_openness","GAB","MAR",TRUE,NA
"trade_openness","GAB","NAM",TRUE,NA
"trade_openness","GAB","SYC",TRUE,NA
"trade_openness","GAB","IRQ",TRUE,NA
"trade_openness","GNQ","BGD",TRUE,NA
"trade_openness","GNQ","BTN",TRUE,NA
"trade_openness","GNQ","BOL",TRUE,NA
"trade_openness","GNQ","BWA",TRUE,NA
"trade_openness","GNQ","CPV",TRUE,NA
"trade_openness","GNQ","ECU",TRUE,NA
"trade_openness","GNQ","MUS",TRUE,NA
"trade_openness","GNQ","MAR",TRUE,NA
"trade_openness","GNQ","NAM",TRUE,NA
"trade_openness","GNQ","SYC",TRUE,NA
"trade_openness","GNQ","IRQ",TRUE,NA
"exports_gdp","BEN","BGD",TRUE,NA
"exports_gdp","BEN","BTN",TRUE,NA
"exports_gdp","BEN","BOL",TRUE,NA
"exports_gdp","BEN","BWA",TRUE,NA
"exports_gdp","BEN","CPV",TRUE,NA
"exports_gdp","BEN","ECU",TRUE,NA
"exports_gdp","BEN","MUS",TRUE,NA
"exports_gdp","BEN","MAR",TRUE,NA
"exports_gdp","BEN","NAM",TRUE,NA
"exports_gdp","BEN","SYC",TRUE,NA
"exports_gdp","BEN","IRQ",TRUE,NA
"exports_gdp","BFA","BGD",TRUE,NA
"exports_gdp","BFA","BTN",TRUE,NA
"exports_gdp","BFA","BOL",TRUE,NA
"exports_gdp","BFA","BWA",TRUE,NA
"exports_gdp","BFA","CPV",TRUE,NA
"exports_gdp","BFA","ECU",TRUE,NA
"exports_gdp","BFA","MUS",TRUE,NA
"exports_gdp","BFA","MAR",TRUE,NA
"exports_gdp","BFA","NAM",TRUE,NA
"exports_gdp","BFA","SYC",TRUE,NA
"exports_gdp","BFA","IRQ",TRUE,NA
"exports_gdp","CIV","BGD",TRUE,NA
"exports_gdp","CIV","BTN",TRUE,NA
"exports_gdp","CIV","BOL",TRUE,NA
"exports_gdp","CIV","BWA",TRUE,NA
"exports_gdp","CIV","CPV",TRUE,NA
"exports_gdp","CIV","ECU",TRUE,NA
"exports_gdp","CIV","MUS",TRUE,NA
"exports_gdp","CIV","MAR",TRUE,NA
"exports_gdp","CIV","NAM",TRUE,NA
"exports_gdp","CIV","SYC",TRUE,NA
"exports_gdp","CIV","IRQ",TRUE,NA
"exports_gdp","MLI","BGD",TRUE,NA
"exports_gdp","MLI","BTN",TRUE,NA
"exports_gdp","MLI","BOL",TRUE,NA
"exports_gdp","MLI","BWA",TRUE,NA
"exports_gdp","MLI","CPV",TRUE,NA
"exports_gdp","MLI","ECU",TRUE,NA
"exports_gdp","MLI","MUS",TRUE,NA
"exports_gdp","MLI","MAR",TRUE,NA
"exports_gdp","MLI","NAM",TRUE,NA
"exports_gdp","MLI","SYC",TRUE,NA
"exports_gdp","MLI","IRQ",TRUE,NA
"exports_gdp","NER","BGD",TRUE,NA
"exports_gdp","NER","BTN",TRUE,NA
"exports_gdp","NER","BOL",TRUE,NA
"exports_gdp","NER","BWA",TRUE,NA
"exports_gdp","NER","CPV",TRUE,NA
"exports_gdp","NER","ECU",TRUE,NA
"exports_gdp","NER","MUS",TRUE,NA
"exports_gdp","NER","MAR",TRUE,NA
"exports_gdp","NER","NAM",TRUE,NA
"exports_gdp","NER","SYC",TRUE,NA
"exports_gdp","NER","IRQ",TRUE,NA
"exports_gdp","SEN","BGD",TRUE,NA
"exports_gdp","SEN","BTN",TRUE,NA
"exports_gdp","SEN","BOL",TRUE,NA
"exports_gdp","SEN","BWA",TRUE,NA
"exports_gdp","SEN","CPV",TRUE,NA
"exports_gdp","SEN","ECU",TRUE,NA
"exports_gdp","SEN","MUS",TRUE,NA
"exports_gdp","SEN","MAR",TRUE,NA
"exports_gdp","SEN","NAM",TRUE,NA
"exports_gdp","SEN","SYC",TRUE,NA
"exports_gdp","SEN","IRQ",TRUE,NA
"exports_gdp","TGO","BGD",TRUE,NA
"exports_gdp","TGO","BTN",TRUE,NA
"exports_gdp","TGO","BOL",TRUE,NA
"exports_gdp","TGO","BWA",TRUE,NA
"exports_gdp","TGO","CPV",TRUE,NA
"exports_gdp","TGO","ECU",TRUE,NA
"exports_gdp","TGO","MUS",TRUE,NA
"exports_gdp","TGO","MAR",TRUE,NA
"exports_gdp","TGO","NAM",TRUE,NA
"exports_gdp","TGO","SYC",TRUE,NA
"exports_gdp","TGO","IRQ",TRUE,NA
"exports_gdp","CMR","BGD",TRUE,NA
"exports_gdp","CMR","BTN",TRUE,NA
"exports_gdp","CMR","BOL",TRUE,NA
"exports_gdp","CMR","BWA",TRUE,NA
"exports_gdp","CMR","CPV",TRUE,NA
"exports_gdp","CMR","ECU",TRUE,NA
"exports_gdp","CMR","MUS",TRUE,NA
"exports_gdp","CMR","MAR",TRUE,NA
"exports_gdp","CMR","NAM",TRUE,NA
"exports_gdp","CMR","SYC",TRUE,NA
"exports_gdp","CMR","IRQ",TRUE,NA
"exports_gdp","CAF","BGD",TRUE,NA
"exports_gdp","CAF","BTN",TRUE,NA
"exports_gdp","CAF","BOL",TRUE,NA
"exports_gdp","CAF","BWA",TRUE,NA
"exports_gdp","CAF","CPV",TRUE,NA
"exports_gdp","CAF","ECU",TRUE,NA
"exports_gdp","CAF","MUS",TRUE,NA
"exports_gdp","CAF","MAR",TRUE,NA
"exports_gdp","CAF","NAM",TRUE,NA
"exports_gdp","CAF","SYC",TRUE,NA
"exports_gdp","CAF","IRQ",TRUE,NA
"exports_gdp","TCD","BGD",TRUE,NA
"exports_gdp","TCD","BTN",TRUE,NA
"exports_gdp","TCD","BOL",TRUE,NA
"exports_gdp","TCD","BWA",TRUE,NA
"exports_gdp","TCD","CPV",TRUE,NA
"exports_gdp","TCD","ECU",TRUE,NA
"exports_gdp","TCD","MUS",TRUE,NA
"exports_gdp","TCD","MAR",TRUE,NA
"exports_gdp","TCD","NAM",TRUE,NA
"exports_gdp","TCD","SYC",TRUE,NA
"exports_gdp","TCD","IRQ",TRUE,NA
"exports_gdp","COG","BGD",TRUE,NA
"exports_gdp","COG","BTN",TRUE,NA
"exports_gdp","COG","BOL",TRUE,NA
"exports_gdp","COG","BWA",TRUE,NA
"exports_gdp","COG","CPV",TRUE,NA
"exports_gdp","COG","ECU",TRUE,NA
"exports_gdp","COG","MUS",TRUE,NA
"exports_gdp","COG","MAR",TRUE,NA
"exports_gdp","COG","NAM",TRUE,NA
"exports_gdp","COG","SYC",TRUE,NA
"exports_gdp","COG","IRQ",TRUE,NA
"exports_gdp","GAB","BGD",TRUE,NA
"exports_gdp","GAB","BTN",TRUE,NA
"exports_gdp","GAB","BOL",TRUE,NA
"exports_gdp","GAB","BWA",TRUE,NA
"exports_gdp","GAB","CPV",TRUE,NA
"exports_gdp","GAB","ECU",TRUE,NA
"exports_gdp","GAB","MUS",TRUE,NA
"exports_gdp","GAB","MAR",TRUE,NA
"exports_gdp","GAB","NAM",TRUE,NA
"exports_gdp","GAB","SYC",TRUE,NA
"exports_gdp","GAB","IRQ",TRUE,NA
"exports_gdp","GNQ","BGD",TRUE,NA
"exports_gdp","GNQ","BTN",TRUE,NA
"exports_gdp","GNQ","BOL",TRUE,NA
"exports_gdp","GNQ","BWA",TRUE,NA
"exports_gdp","GNQ","CPV",TRUE,NA
"exports_gdp","GNQ","ECU",TRUE,NA
"exports_gdp","GNQ","MUS",TRUE,NA
"exports_gdp","GNQ","MAR",TRUE,NA
"exports_gdp","GNQ","NAM",TRUE,NA
"exports_gdp","GNQ","SYC",TRUE,NA
"exports_gdp","GNQ","IRQ",TRUE,NA
"imports_gdp","BEN","BGD",TRUE,NA
"imports_gdp","BEN","BTN",TRUE,NA
"imports_gdp","BEN","BOL",TRUE,NA
"imports_gdp","BEN","BWA",TRUE,NA
"imports_gdp","BEN","CPV",TRUE,NA
"imports_gdp","BEN","ECU",TRUE,NA
"imports_gdp","BEN","MUS",TRUE,NA
"imports_gdp","BEN","MAR",TRUE,NA
"imports_gdp","BEN","NAM",TRUE,NA
"imports_gdp","BEN","SYC",TRUE,NA
"imports_gdp","BEN","IRQ",TRUE,NA
"imports_gdp","BFA","BGD",TRUE,NA
"imports_gdp","BFA","BTN",TRUE,NA
"imports_gdp","BFA","BOL",TRUE,NA
"imports_gdp","BFA","BWA",TRUE,NA
"imports_gdp","BFA","CPV",TRUE,NA
"imports_gdp","BFA","ECU",TRUE,NA
"imports_gdp","BFA","MUS",TRUE,NA
"imports_gdp","BFA","MAR",TRUE,NA
"imports_gdp","BFA","NAM",TRUE,NA
"imports_gdp","BFA","SYC",TRUE,NA
"imports_gdp","BFA","IRQ",TRUE,NA
"imports_gdp","CIV","BGD",TRUE,NA
"imports_gdp","CIV","BTN",TRUE,NA
"imports_gdp","CIV","BOL",TRUE,NA
"imports_gdp","CIV","BWA",TRUE,NA
"imports_gdp","CIV","CPV",TRUE,NA
"imports_gdp","CIV","ECU",TRUE,NA
"imports_gdp","CIV","MUS",TRUE,NA
"imports_gdp","CIV","MAR",TRUE,NA
"imports_gdp","CIV","NAM",TRUE,NA
"imports_gdp","CIV","SYC",TRUE,NA
"imports_gdp","CIV","IRQ",TRUE,NA
"imports_gdp","MLI","BGD",TRUE,NA
"imports_gdp","MLI","BTN",TRUE,NA
"imports_gdp","MLI","BOL",TRUE,NA
"imports_gdp","MLI","BWA",TRUE,NA
"imports_gdp","MLI","CPV",TRUE,NA
"imports_gdp","MLI","ECU",TRUE,NA
"imports_gdp","MLI","MUS",TRUE,NA
"imports_gdp","MLI","MAR",TRUE,NA
"imports_gdp","MLI","NAM",TRUE,NA
"imports_gdp","MLI","SYC",TRUE,NA
"imports_gdp","MLI","IRQ",TRUE,NA
"imports_gdp","NER","BGD",TRUE,NA
"imports_gdp","NER","BTN",TRUE,NA
"imports_gdp","NER","BOL",TRUE,NA
"imports_gdp","NER","BWA",TRUE,NA
"imports_gdp","NER","CPV",TRUE,NA
"imports_gdp","NER","ECU",TRUE,NA
"imports_gdp","NER","MUS",TRUE,NA
"imports_gdp","NER","MAR",TRUE,NA
"imports_gdp","NER","NAM",TRUE,NA
"imports_gdp","NER","SYC",TRUE,NA
"imports_gdp","NER","IRQ",TRUE,NA
"imports_gdp","SEN","BGD",TRUE,NA
"imports_gdp","SEN","BTN",TRUE,NA
"imports_gdp","SEN","BOL",TRUE,NA
"imports_gdp","SEN","BWA",TRUE,NA
"imports_gdp","SEN","CPV",TRUE,NA
"imports_gdp","SEN","ECU",TRUE,NA
"imports_gdp","SEN","MUS",TRUE,NA
"imports_gdp","SEN","MAR",TRUE,NA
"imports_gdp","SEN","NAM",TRUE,NA
"imports_gdp","SEN","SYC",TRUE,NA
"imports_gdp","SEN","IRQ",TRUE,NA
"imports_gdp","TGO","BGD",TRUE,NA
"imports_gdp","TGO","BTN",TRUE,NA
"imports_gdp","TGO","BOL",TRUE,NA
"imports_gdp","TGO","BWA",TRUE,NA
"imports_gdp","TGO","CPV",TRUE,NA
"imports_gdp","TGO","ECU",TRUE,NA
"imports_gdp","TGO","MUS",TRUE,NA
"imports_gdp","TGO","MAR",TRUE,NA
"imports_gdp","TGO","NAM",TRUE,NA
"imports_gdp","TGO","SYC",TRUE,NA
"imports_gdp","TGO","IRQ",TRUE,NA
"imports_gdp","CMR","BGD",TRUE,NA
"imports_gdp","CMR","BTN",TRUE,NA
"imports_gdp","CMR","BOL",TRUE,NA
"imports_gdp","CMR","BWA",TRUE,NA
"imports_gdp","CMR","CPV",TRUE,NA
"imports_gdp","CMR","ECU",TRUE,NA
"imports_gdp","CMR","MUS",TRUE,NA
"imports_gdp","CMR","MAR",TRUE,NA
"imports_gdp","CMR","NAM",TRUE,NA
"imports_gdp","CMR","SYC",TRUE,NA
"imports_gdp","CMR","IRQ",TRUE,NA
"imports_gdp","CAF","BGD",TRUE,NA
"imports_gdp","CAF","BTN",TRUE,NA
"imports_gdp","CAF","BOL",TRUE,NA
"imports_gdp","CAF","BWA",TRUE,NA
"imports_gdp","CAF","CPV",TRUE,NA
"imports_gdp","CAF","ECU",TRUE,NA
"imports_gdp","CAF","MUS",TRUE,NA
"imports_gdp","CAF","MAR",TRUE,NA
"imports_gdp","CAF","NAM",TRUE,NA
"imports_gdp","CAF","SYC",TRUE,NA
"imports_gdp","CAF","IRQ",TRUE,NA
"imports_gdp","TCD","BGD",TRUE,NA
"imports_gdp","TCD","BTN",TRUE,NA
"imports_gdp","TCD","BOL",TRUE,NA
"imports_gdp","TCD","BWA",TRUE,NA
"imports_gdp","TCD","CPV",TRUE,NA
"imports_gdp","TCD","ECU",TRUE,NA
"imports_gdp","TCD","MUS",TRUE,NA
"imports_gdp","TCD","MAR",TRUE,NA
"imports_gdp","TCD","NAM",TRUE,NA
"imports_gdp","TCD","SYC",TRUE,NA
"imports_gdp","TCD","IRQ",TRUE,NA
"imports_gdp","COG","BGD",TRUE,NA
"imports_gdp","COG","BTN",TRUE,NA
"imports_gdp","COG","BOL",TRUE,NA
"imports_gdp","COG","BWA",TRUE,NA
"imports_gdp","COG","CPV",TRUE,NA
"imports_gdp","COG","ECU",TRUE,NA
"imports_gdp","COG","MUS",TRUE,NA
"imports_gdp","COG","MAR",TRUE,NA
"imports_gdp","COG","NAM",TRUE,NA
"imports_gdp","COG","SYC",TRUE,NA
"imports_gdp","COG","IRQ",TRUE,NA
"imports_gdp","GAB","BGD",TRUE,NA
"imports_gdp","GAB","BTN",TRUE,NA
"imports_gdp","GAB","BOL",TRUE,NA
"imports_gdp","GAB","BWA",TRUE,NA
"imports_gdp","GAB","CPV",TRUE,NA
"imports_gdp","GAB","ECU",TRUE,NA
"imports_gdp","GAB","MUS",TRUE,NA
"imports_gdp","GAB","MAR",TRUE,NA
"imports_gdp","GAB","NAM",TRUE,NA
"imports_gdp","GAB","SYC",TRUE,NA
"imports_gdp","GAB","IRQ",TRUE,NA
"imports_gdp","GNQ","BGD",TRUE,NA
"imports_gdp","GNQ","BTN",TRUE,NA
"imports_gdp","GNQ","BOL",TRUE,NA
"imports_gdp","GNQ","BWA",TRUE,NA
"imports_gdp","GNQ","CPV",TRUE,NA
"imports_gdp","GNQ","ECU",TRUE,NA
"imports_gdp","GNQ","MUS",TRUE,NA
"imports_gdp","GNQ","MAR",TRUE,NA
"imports_gdp","GNQ","NAM",TRUE,NA
"imports_gdp","GNQ","SYC",TRUE,NA
"imports_gdp","GNQ","IRQ",TRUE,NA
