Domain Code,Domain,Area Code (ISO3),Area,Element Code,Element,Item Code,Item,Year Code,Year,Unit,Value,Flag,Flag Description,Note
MK,Macro Indicators,CAF,Central African Republic,6103,Share of GDP US$,22016,"Value Added (Agriculture, Forestry and Fishing)",1970,1970,%,28.202966,X,Figure from external organization,
MK,Macro Indicators,CAF,Central African Republic,6103,Share of GDP US$,22016,"Value Added (Agriculture, Forestry and Fishing)",1971,1971,%,29.45705,X,Figure from external organization,
MK,Macro Indicators,CAF,Central African Republic,6103,Share of GDP US$,22016,"Value Added (Agriculture, Forestry and Fishing)",1972,1972,%,30.44479,X,Figure from external organization,
MK,Macro Indicators,CAF,Central African Republic,6103,Share of GDP US$,22016,"Value Added (Agriculture, Forestry and Fishing)",1973,1973,%,30.265759,X,Figure from external organization,
MK,Macro Indicators,CAF,Central African Republic,6103,Share of GDP US$,22016,"Value Added (Agriculture, Forestry and Fishing)",1974,1974,%,34.74363,X,Figure from external organization,
MK,Macro Indicators,CAF,Central African Republic,6103,Share of GDP US$,22016,"Value Added (Agriculture, Forestry and Fishing)",1975,1975,%,31.187677,X,Figure from external organization,
MK,Macro Indicators,CAF,Central African Republic,6103,Share of GDP US$,22016,"Value Added (Agriculture, Forestry and Fishing)",1976,1976,%,33.44497,X,Figure from external organization,
MK,Macro Indicators,CAF,Central African Republic,6103,Share of GDP US$,22016,"Value Added (Agriculture, Forestry and Fishing)",1977,1977,%,33.346423,X,Figure from external organization,
MK,Macro Indicators,CAF,Central African Republic,6103,Share of GDP US$,22016,"Value Added (Agriculture, Forestry and Fishing)",1978,1978,%,33.064737,X,Figure from external organization,
MK,Macro Indicators,CAF,Central African Republic,6103,Share of GDP US$,22016,"Value Added (Agriculture, Forestry and Fishing)",1979,1979,%,33.241928,X,Figure from external organization,
MK,Macro Indicators,CAF,Central African Republic,6103,Share of GDP US$,22016,"Value Added (Agriculture, Forestry and Fishing)",1980,1980,%,33.433594,X,Figure from external organization,
MK,Macro Indicators,CAF,Central African Republic,6103,Share of GDP US$,22016,"Value Added (Agriculture, Forestry and Fishing)",1981,1981,%,34.446403,X,Figure from external organization,
MK,Macro Indicators,CAF,Central African Republic,6103,Share of GDP US$,22016,"Value Added (Agriculture, Forestry and Fishing)",1982,1982,%,36.084971,X,Figure from external organization,
MK,Macro Indicators,CAF,Central African Republic,6103,Share of GDP US$,22016,"Value Added (Agriculture, Forestry and Fishing)",1983,1983,%,34.207213,X,Figure from external organization,
MK,Macro Indicators,CAF,Central African Republic,6103,Share of GDP US$,22016,"Value Added (Agriculture, Forestry and Fishing)",1984,1984,%,34.249902,X,Figure from external organization,
MK,Macro Indicators,CAF,Central African Republic,6103,Share of GDP US$,22016,"Value Added (Agriculture, Forestry and Fishing)",1985,1985,%,36.332167,X,Figure from external organization,
MK,Macro Indicators,CAF,Central African Republic,6103,Share of GDP US$,22016,"Value Added (Agriculture, Forestry and Fishing)",1986,1986,%,38.849257,X,Figure from external organization,
MK,Macro Indicators,CAF,Central African Republic,6103,Share of GDP US$,22016,"Value Added (Agriculture, Forestry and Fishing)",1987,1987,%,36.757741,X,Figure from external organization,
MK,Macro Indicators,CAF,Central African Republic,6103,Share of GDP US$,22016,"Value Added (Agriculture, Forestry and Fishing)",1988,1988,%,38.032441,X,Figure from external organization,
MK,Macro Indicators,CAF,Central African Republic,6103,Share of GDP US$,22016,"Value Added (Agriculture, Forestry and Fishing)",1989,1989,%,36.885168,X,Figure from external organization,
MK,Macro Indicators,CAF,Central African Republic,6103,Share of GDP US$,22016,"Value Added (Agriculture, Forestry and Fishing)",1990,1990,%,37.613254,X,Figure from external organization,
MK,Macro Indicators,CAF,Central African Republic,6103,Share of GDP US$,22016,"Value Added (Agriculture, Forestry and Fishing)",1991,1991,%,35.770067,X,Figure from external organization,
MK,Macro Indicators,CAF,Central African Republic,6103,Share of GDP US$,22016,"Value Added (Agriculture, Forestry and Fishing)",1992,1992,%,36.503154,X,Figure from external organization,
MK,Macro Indicators,CAF,Central African Republic,6103,Share of GDP US$,22016,"Value Added (Agriculture, Forestry and Fishing)",1993,1993,%,36.430612,X,Figure from external organization,
MK,Macro Indicators,CAF,Central African Republic,6103,Share of GDP US$,22016,"Value Added (Agriculture, Forestry and Fishing)",1994,1994,%,35.568673,X,Figure from external organization,
MK,Macro Indicators,CAF,Central African Republic,6103,Share of GDP US$,22016,"Value Added (Agriculture, Forestry and Fishing)",1995,1995,%,36.613782,X,Figure from external organization,
MK,Macro Indicators,CAF,Central African Republic,6103,Share of GDP US$,22016,"Value Added (Agriculture, Forestry and Fishing)",1996,1996,%,41.678603,X,Figure from external organization,
MK,Macro Indicators,CAF,Central African Republic,6103,Share of GDP US$,22016,"Value Added (Agriculture, Forestry and Fishing)",1997,1997,%,42.722225,X,Figure from external organization,
MK,Macro Indicators,CAF,Central African Republic,6103,Share of GDP US$,22016,"Value Added (Agriculture, Forestry and Fishing)",1998,1998,%,42.824761,X,Figure from external organization,
MK,Macro Indicators,CAF,Central African Republic,6103,Share of GDP US$,22016,"Value Added (Agriculture, Forestry and Fishing)",1999,1999,%,40.140888,X,Figure from external organization,
MK,Macro Indicators,CAF,Central African Republic,6103,Share of GDP US$,22016,"Value Added (Agriculture, Forestry and Fishing)",2000,2000,%,41.130369,X,Figure from external organization,
MK,Macro Indicators,CAF,Central African Republic,6103,Share of GDP US$,22016,"Value Added (Agriculture, Forestry and Fishing)",2001,2001,%,42.39758,X,Figure from external organization,
MK,Macro Indicators,CAF,Central African Republic,6103,Share of GDP US$,22016,"Value Added (Agriculture, Forestry and Fishing)",2002,2002,%,42.293309,X,Figure from external organization,
MK,Macro Indicators,CAF,Central African Republic,6103,Share of GDP US$,22016,"Value Added (Agriculture, Forestry and Fishing)",2003,2003,%,45.092598,X,Figure from external organization,
MK,Macro Indicators,CAF,Central African Republic,6103,Share of GDP US$,22016,"Value Added (Agriculture, Forestry and Fishing)",2004,2004,%,43.71324,X,Figure from external organization,
MK,Macro Indicators,CAF,Central African Republic,6103,Share of GDP US$,22016,"Value Added (Agriculture, Forestry and Fishing)",2005,2005,%,42.960374,X,Figure from external organization,
MK,Macro Indicators,CAF,Central African Republic,6103,Share of GDP US$,22016,"Value Added (Agriculture, Forestry and Fishing)",2006,2006,%,41.424227,X,Figure from external organization,
MK,Macro Indicators,CAF,Central African Republic,6103,Share of GDP US$,22016,"Value Added (Agriculture, Forestry and Fishing)",2007,2007,%,40.754436,X,Figure from external organization,
MK,Macro Indicators,CAF,Central African Republic,6103,Share of GDP US$,22016,"Value Added (Agriculture, Forestry and Fishing)",2008,2008,%,40.357645,X,Figure from external organization,
MK,Macro Indicators,CAF,Central African Republic,6103,Share of GDP US$,22016,"Value Added (Agriculture, Forestry and Fishing)",2009,2009,%,38.333846,X,Figure from external organization,
MK,Macro Indicators,CAF,Central African Republic,6103,Share of GDP US$,22016,"Value Added (Agriculture, Forestry and Fishing)",2010,2010,%,37.363622,X,Figure from external organization,
MK,Macro Indicators,CAF,Central African Republic,6103,Share of GDP US$,22016,"Value Added (Agriculture, Forestry and Fishing)",2011,2011,%,37.568994,X,Figure from external organization,
MK,Macro Indicators,CAF,Central African Republic,6103,Share of GDP US$,22016,"Value Added (Agriculture, Forestry and Fishing)",2012,2012,%,36.814166,X,Figure from external organization,
MK,Macro Indicators,CAF,Central African Republic,6103,Share of GDP US$,22016,"Value Added (Agriculture, Forestry and Fishing)",2013,2013,%,32.258883,X,Figure from external organization,
MK,Macro Indicators,CAF,Central African Republic,6103,Share of GDP US$,22016,"Value Added (Agriculture, Forestry and Fishing)",2014,2014,%,33.985604,X,Figure from external organization,
MK,Macro Indicators,CAF,Central African Republic,6103,Share of GDP US$,22016,"Value Added (Agriculture, Forestry and Fishing)",2015,2015,%,31.527332,X,Figure from external organization,
MK,Macro Indicators,CAF,Central African Republic,6103,Share of GDP US$,22016,"Value Added (Agriculture, Forestry and Fishing)",2016,2016,%,31.918976,X,Figure from external organization,
MK,Macro Indicators,CAF,Central African Republic,6103,Share of GDP US$,22016,"Value Added (Agriculture, Forestry and Fishing)",2017,2017,%,32.790167,X,Figure from external organization,
MK,Macro Indicators,CAF,Central African Republic,6103,Share of GDP US$,22016,"Value Added (Agriculture, Forestry and Fishing)",2018,2018,%,31.241338,X,Figure from external organization,
MK,Macro Indicators,CAF,Central African Republic,6103,Share of GDP US$,22016,"Value Added (Agriculture, Forestry and Fishing)",2019,2019,%,28.341832,X,Figure from external organization,
MK,Macro Indicators,CAF,Central African Republic,6103,Share of GDP US$,22016,"Value Added (Agriculture, Forestry and Fishing)",2020,2020,%,29.495937,X,Figure from external organization,
MK,Macro Indicators,CAF,Central African Republic,6103,Share of GDP US$,22016,"Value Added (Agriculture, Forestry and Fishing)",2021,2021,%,35.75533,X,Figure from external organization,
MK,Macro Indicators,CAF,Central African Republic,6103,Share of GDP US$,22016,"Value Added (Agriculture, Forestry and Fishing)",2022,2022,%,36.21711,X,Figure from external organization,
MK,Macro Indicators,CAF,Central African Republic,6103,Share of GDP US$,22016,"Value Added (Agriculture, Forestry and Fishing)",2023,2023,%,28.611056,X,Figure from external organization,
MK,Macro Indicators,CAF,Central African Republic,6103,Share of GDP US$,22016,"Value Added (Agriculture, Forestry and Fishing)",2024,2024,%,32.496195,E,Estimated value,
MK,Macro Indicators,GNQ,Equatorial Guinea,6103,Share of GDP US$,22016,"Value Added (Agriculture, Forestry and Fishing)",1970,1970,%,14.17078,X,Figure from external organization,
MK,Macro Indicators,GNQ,Equatorial Guinea,6103,Share of GDP US$,22016,"Value Added (Agriculture, Forestry and Fishing)",1971,1971,%,14.171465,X,Figure from external organization,
MK,Macro Indicators,GNQ,Equatorial Guinea,6103,Share of GDP US$,22016,"Value Added (Agriculture, Forestry and Fishing)",1972,1972,%,14.175245,X,Figure from external organization,
MK,Macro Indicators,GNQ,Equatorial Guinea,6103,Share of GDP US$,22016,"Value Added (Agriculture, Forestry and Fishing)",1973,1973,%,14.174894,X,Figure from external organization,
MK,Macro Indicators,GNQ,Equatorial Guinea,6103,Share of GDP US$,22016,"Value Added (Agriculture, Forestry and Fishing)",1974,1974,%,14.168944,X,Figure from external organization,
MK,Macro Indicators,GNQ,Equatorial Guinea,6103,Share of GDP US$,22016,"Value Added (Agriculture, Forestry and Fishing)",1975,1975,%,14.163352,X,Figure from external organization,
MK,Macro Indicators,GNQ,Equatorial Guinea,6103,Share of GDP US$,22016,"Value Added (Agriculture, Forestry and Fishing)",1976,1976,%,14.174888,X,Figure from external organization,
MK,Macro Indicators,GNQ,Equatorial Guinea,6103,Share of GDP US$,22016,"Value Added (Agriculture, Forestry and Fishing)",1977,1977,%,14.194149,X,Figure from external organization,
MK,Macro Indicators,GNQ,Equatorial Guinea,6103,Share of GDP US$,22016,"Value Added (Agriculture, Forestry and Fishing)",1978,1978,%,14.173138,X,Figure from external organization,
MK,Macro Indicators,GNQ,Equatorial Guinea,6103,Share of GDP US$,22016,"Value Added (Agriculture, Forestry and Fishing)",1979,1979,%,14.139191,X,Figure from external organization,
MK,Macro Indicators,GNQ,Equatorial Guinea,6103,Share of GDP US$,22016,"Value Added (Agriculture, Forestry and Fishing)",1980,1980,%,14.135395,X,Figure from external organization,
MK,Macro Indicators,GNQ,Equatorial Guinea,6103,Share of GDP US$,22016,"Value Added (Agriculture, Forestry and Fishing)",1981,1981,%,14.232568,X,Figure from external organization,
MK,Macro Indicators,GNQ,Equatorial Guinea,6103,Share of GDP US$,22016,"Value Added (Agriculture, Forestry and Fishing)",1982,1982,%,14.290452,X,Figure from external organization,
MK,Macro Indicators,GNQ,Equatorial Guinea,6103,Share of GDP US$,22016,"Value Added (Agriculture, Forestry and Fishing)",1983,1983,%,14.068081,X,Figure from external organization,
MK,Macro Indicators,GNQ,Equatorial Guinea,6103,Share of GDP US$,22016,"Value Added (Agriculture, Forestry and Fishing)",1984,1984,%,13.969461,X,Figure from external organization,
MK,Macro Indicators,GNQ,Equatorial Guinea,6103,Share of GDP US$,22016,"Value Added (Agriculture, Forestry and Fishing)",1985,1985,%,14.116414,X,Figure from external organization,
MK,Macro Indicators,GNQ,Equatorial Guinea,6103,Share of GDP US$,22016,"Value Added (Agriculture, Forestry and Fishing)",1986,1986,%,14.718431,X,Figure from external organization,
MK,Macro Indicators,GNQ,Equatorial Guinea,6103,Share of GDP US$,22016,"Value Added (Agriculture, Forestry and Fishing)",1987,1987,%,14.579872,X,Figure from external organization,
MK,Macro Indicators,GNQ,Equatorial Guinea,6103,Share of GDP US$,22016,"Value Added (Agriculture, Forestry and Fishing)",1988,1988,%,12.956229,X,Figure from external organization,
MK,Macro Indicators,GNQ,Equatorial Guinea,6103,Share of GDP US$,22016,"Value Added (Agriculture, Forestry and Fishing)",1989,1989,%,13.476359,X,Figure from external organization,
MK,Macro Indicators,GNQ,Equatorial Guinea,6103,Share of GDP US$,22016,"Value Added (Agriculture, Forestry and Fishing)",1990,1990,%,12.802953,X,Figure from external organization,
MK,Macro Indicators,GNQ,Equatorial Guinea,6103,Share of GDP US$,22016,"Value Added (Agriculture, Forestry and Fishing)",1991,1991,%,12.44519,X,Figure from external organization,
MK,Macro Indicators,GNQ,Equatorial Guinea,6103,Share of GDP US$,22016,"Value Added (Agriculture, Forestry and Fishing)",1992,1992,%,10.913355,X,Figure from external organization,
MK,Macro Indicators,GNQ,Equatorial Guinea,6103,Share of GDP US$,22016,"Value Added (Agriculture, Forestry and Fishing)",1993,1993,%,10.381497,X,Figure from external organization,
MK,Macro Indicators,GNQ,Equatorial Guinea,6103,Share of GDP US$,22016,"Value Added (Agriculture, Forestry and Fishing)",1994,1994,%,10.800985,X,Figure from external organization,
MK,Macro Indicators,GNQ,Equatorial Guinea,6103,Share of GDP US$,22016,"Value Added (Agriculture, Forestry and Fishing)",1995,1995,%,11.274601,X,Figure from external organization,
MK,Macro Indicators,GNQ,Equatorial Guinea,6103,Share of GDP US$,22016,"Value Added (Agriculture, Forestry and Fishing)",1996,1996,%,8.038716,X,Figure from external organization,
MK,Macro Indicators,GNQ,Equatorial Guinea,6103,Share of GDP US$,22016,"Value Added (Agriculture, Forestry and Fishing)",1997,1997,%,5.045949,X,Figure from external organization,
MK,Macro Indicators,GNQ,Equatorial Guinea,6103,Share of GDP US$,22016,"Value Added (Agriculture, Forestry and Fishing)",1998,1998,%,4.507317,X,Figure from external organization,
MK,Macro Indicators,GNQ,Equatorial Guinea,6103,Share of GDP US$,22016,"Value Added (Agriculture, Forestry and Fishing)",1999,1999,%,4.118617,X,Figure from external organization,
MK,Macro Indicators,GNQ,Equatorial Guinea,6103,Share of GDP US$,22016,"Value Added (Agriculture, Forestry and Fishing)",2000,2000,%,5.606935,X,Figure from external organization,
MK,Macro Indicators,GNQ,Equatorial Guinea,6103,Share of GDP US$,22016,"Value Added (Agriculture, Forestry and Fishing)",2001,2001,%,3.7964,X,Figure from external organization,
MK,Macro Indicators,GNQ,Equatorial Guinea,6103,Share of GDP US$,22016,"Value Added (Agriculture, Forestry and Fishing)",2002,2002,%,2.952517,X,Figure from external organization,
MK,Macro Indicators,GNQ,Equatorial Guinea,6103,Share of GDP US$,22016,"Value Added (Agriculture, Forestry and Fishing)",2003,2003,%,2.720311,X,Figure from external organization,
MK,Macro Indicators,GNQ,Equatorial Guinea,6103,Share of GDP US$,22016,"Value Added (Agriculture, Forestry and Fishing)",2004,2004,%,2.337354,X,Figure from external organization,
MK,Macro Indicators,GNQ,Equatorial Guinea,6103,Share of GDP US$,22016,"Value Added (Agriculture, Forestry and Fishing)",2005,2005,%,1.531978,X,Figure from external organization,
MK,Macro Indicators,GNQ,Equatorial Guinea,6103,Share of GDP US$,22016,"Value Added (Agriculture, Forestry and Fishing)",2006,2006,%,1.518254,X,Figure from external organization,
MK,Macro Indicators,GNQ,Equatorial Guinea,6103,Share of GDP US$,22016,"Value Added (Agriculture, Forestry and Fishing)",2007,2007,%,1.372884,X,Figure from external organization,
MK,Macro Indicators,GNQ,Equatorial Guinea,6103,Share of GDP US$,22016,"Value Added (Agriculture, Forestry and Fishing)",2008,2008,%,0.892696,X,Figure from external organization,
MK,Macro Indicators,GNQ,Equatorial Guinea,6103,Share of GDP US$,22016,"Value Added (Agriculture, Forestry and Fishing)",2009,2009,%,1.0582,X,Figure from external organization,
MK,Macro Indicators,GNQ,Equatorial Guinea,6103,Share of GDP US$,22016,"Value Added (Agriculture, Forestry and Fishing)",2010,2010,%,1.061372,X,Figure from external organization,
MK,Macro Indicators,GNQ,Equatorial Guinea,6103,Share of GDP US$,22016,"Value Added (Agriculture, Forestry and Fishing)",2011,2011,%,1.053504,X,Figure from external organization,
MK,Macro Indicators,GNQ,Equatorial Guinea,6103,Share of GDP US$,22016,"Value Added (Agriculture, Forestry and Fishing)",2012,2012,%,1.055658,X,Figure from external organization,
MK,Macro Indicators,GNQ,Equatorial Guinea,6103,Share of GDP US$,22016,"Value Added (Agriculture, Forestry and Fishing)",2013,2013,%,1.191993,X,Figure from external organization,
MK,Macro Indicators,GNQ,Equatorial Guinea,6103,Share of GDP US$,22016,"Value Added (Agriculture, Forestry and Fishing)",2014,2014,%,1.294243,X,Figure from external organization,
MK,Macro Indicators,GNQ,Equatorial Guinea,6103,Share of GDP US$,22016,"Value Added (Agriculture, Forestry and Fishing)",2015,2015,%,1.888391,X,Figure from external organization,
MK,Macro Indicators,GNQ,Equatorial Guinea,6103,Share of GDP US$,22016,"Value Added (Agriculture, Forestry and Fishing)",2016,2016,%,2.332238,X,Figure from external organization,
MK,Macro Indicators,GNQ,Equatorial Guinea,6103,Share of GDP US$,22016,"Value Added (Agriculture, Forestry and Fishing)",2017,2017,%,2.315464,X,Figure from external organization,
MK,Macro Indicators,GNQ,Equatorial Guinea,6103,Share of GDP US$,22016,"Value Added (Agriculture, Forestry and Fishing)",2018,2018,%,2.257979,X,Figure from external organization,
MK,Macro Indicators,GNQ,Equatorial Guinea,6103,Share of GDP US$,22016,"Value Added (Agriculture, Forestry and Fishing)",2019,2019,%,2.437879,X,Figure from external organization,
MK,Macro Indicators,GNQ,Equatorial Guinea,6103,Share of GDP US$,22016,"Value Added (Agriculture, Forestry and Fishing)",2020,2020,%,3.151574,X,Figure from external organization,
MK,Macro Indicators,GNQ,Equatorial Guinea,6103,Share of GDP US$,22016,"Value Added (Agriculture, Forestry and Fishing)",2021,2021,%,2.826362,X,Figure from external organization,
MK,Macro Indicators,GNQ,Equatorial Guinea,6103,Share of GDP US$,22016,"Value Added (Agriculture, Forestry and Fishing)",2022,2022,%,2.501267,X,Figure from external organization,
MK,Macro Indicators,GNQ,Equatorial Guinea,6103,Share of GDP US$,22016,"Value Added (Agriculture, Forestry and Fishing)",2023,2023,%,2.884925,X,Figure from external organization,
MK,Macro Indicators,GNQ,Equatorial Guinea,6103,Share of GDP US$,22016,"Value Added (Agriculture, Forestry and Fishing)",2024,2024,%,2.936833,E,Estimated value,
MK,Macro Indicators,LAO,Lao People's Democratic Republic,6103,Share of GDP US$,22016,"Value Added (Agriculture, Forestry and Fishing)",1970,1970,%,41.343979,X,Figure from external organization,
MK,Macro Indicators,LAO,Lao People's Democratic Republic,6103,Share of GDP US$,22016,"Value Added (Agriculture, Forestry and Fishing)",1971,1971,%,41.338931,X,Figure from external organization,
MK,Macro Indicators,LAO,Lao People's Democratic Republic,6103,Share of GDP US$,22016,"Value Added (Agriculture, Forestry and Fishing)",1972,1972,%,41.335386,X,Figure from external organization,
MK,Macro Indicators,LAO,Lao People's Democratic Republic,6103,Share of GDP US$,22016,"Value Added (Agriculture, Forestry and Fishing)",1973,1973,%,41.342602,X,Figure from external organization,
MK,Macro Indicators,LAO,Lao People's Democratic Republic,6103,Share of GDP US$,22016,"Value Added (Agriculture, Forestry and Fishing)",1974,1974,%,41.367821,X,Figure from external organization,
MK,Macro Indicators,LAO,Lao People's Democratic Republic,6103,Share of GDP US$,22016,"Value Added (Agriculture, Forestry and Fishing)",1975,1975,%,41.335155,X,Figure from external organization,
MK,Macro Indicators,LAO,Lao People's Democratic Republic,6103,Share of GDP US$,22016,"Value Added (Agriculture, Forestry and Fishing)",1976,1976,%,41.313689,X,Figure from external organization,
MK,Macro Indicators,LAO,Lao People's Democratic Republic,6103,Share of GDP US$,22016,"Value Added (Agriculture, Forestry and Fishing)",1977,1977,%,41.317664,X,Figure from external organization,
MK,Macro Indicators,LAO,Lao People's Democratic Republic,6103,Share of GDP US$,22016,"Value Added (Agriculture, Forestry and Fishing)",1978,1978,%,41.378683,X,Figure from external organization,
MK,Macro Indicators,LAO,Lao People's Democratic Republic,6103,Share of GDP US$,22016,"Value Added (Agriculture, Forestry and Fishing)",1979,1979,%,41.493913,X,Figure from external organization,
MK,Macro Indicators,LAO,Lao People's Democratic Republic,6103,Share of GDP US$,22016,"Value Added (Agriculture, Forestry and Fishing)",1980,1980,%,41.171827,X,Figure from external organization,
MK,Macro Indicators,LAO,Lao People's Democratic Republic,6103,Share of GDP US$,22016,"Value Added (Agriculture, Forestry and Fishing)",1981,1981,%,41.206356,X,Figure from external organization,
MK,Macro Indicators,LAO,Lao People's Democratic Republic,6103,Share of GDP US$,22016,"Value Added (Agriculture, Forestry and Fishing)",1982,1982,%,41.33754,X,Figure from external organization,
MK,Macro Indicators,LAO,Lao People's Democratic Republic,6103,Share of GDP US$,22016,"Value Added (Agriculture, Forestry and Fishing)",1983,1983,%,41.68378,X,Figure from external organization,
MK,Macro Indicators,LAO,Lao People's Democratic Republic,6103,Share of GDP US$,22016,"Value Added (Agriculture, Forestry and Fishing)",1984,1984,%,42.070064,X,Figure from external organization,
MK,Macro Indicators,LAO,Lao People's Democratic Republic,6103,Share of GDP US$,22016,"Value Added (Agriculture, Forestry and Fishing)",1985,1985,%,39.561396,X,Figure from external organization,
MK,Macro Indicators,LAO,Lao People's Democratic Republic,6103,Share of GDP US$,22016,"Value Added (Agriculture, Forestry and Fishing)",1986,1986,%,41.378997,X,Figure from external organization,
MK,Macro Indicators,LAO,Lao People's Democratic Republic,6103,Share of GDP US$,22016,"Value Added (Agriculture, Forestry and Fishing)",1987,1987,%,41.993465,X,Figure from external organization,
MK,Macro Indicators,LAO,Lao People's Democratic Republic,6103,Share of GDP US$,22016,"Value Added (Agriculture, Forestry and Fishing)",1988,1988,%,43.414981,X,Figure from external organization,
MK,Macro Indicators,LAO,Lao People's Democratic Republic,6103,Share of GDP US$,22016,"Value Added (Agriculture, Forestry and Fishing)",1989,1989,%,44.001479,X,Figure from external organization,
MK,Macro Indicators,LAO,Lao People's Democratic Republic,6103,Share of GDP US$,22016,"Value Added (Agriculture, Forestry and Fishing)",1990,1990,%,44.601671,X,Figure from external organization,
MK,Macro Indicators,LAO,Lao People's Democratic Republic,6103,Share of GDP US$,22016,"Value Added (Agriculture, Forestry and Fishing)",1991,1991,%,42.187419,X,Figure from external organization,
MK,Macro Indicators,LAO,Lao People's Democratic Republic,6103,Share of GDP US$,22016,"Value Added (Agriculture, Forestry and Fishing)",1992,1992,%,42.885406,X,Figure from external organization,
MK,Macro Indicators,LAO,Lao People's Democratic Republic,6103,Share of GDP US$,22016,"Value Added (Agriculture, Forestry and Fishing)",1993,1993,%,41.561882,X,Figure from external organization,
MK,Macro Indicators,LAO,Lao People's Democratic Republic,6103,Share of GDP US$,22016,"Value Added (Agriculture, Forestry and Fishing)",1994,1994,%,42.304926,X,Figure from external organization,
MK,Macro Indicators,LAO,Lao People's Democratic Republic,6103,Share of GDP US$,22016,"Value Added (Agriculture, Forestry and Fishing)",1995,1995,%,40.200409,X,Figure from external organization,
MK,Macro Indicators,LAO,Lao People's Democratic Republic,6103,Share of GDP US$,22016,"Value Added (Agriculture, Forestry and Fishing)",1996,1996,%,38.861298,X,Figure from external organization,
MK,Macro Indicators,LAO,Lao People's Democratic Republic,6103,Share of GDP US$,22016,"Value Added (Agriculture, Forestry and Fishing)",1997,1997,%,49.776467,X,Figure from external organization,
MK,Macro Indicators,LAO,Lao People's Democratic Republic,6103,Share of GDP US$,22016,"Value Added (Agriculture, Forestry and Fishing)",1998,1998,%,32.440842,X,Figure from external organization,
MK,Macro Indicators,LAO,Lao People's Democratic Republic,6103,Share of GDP US$,22016,"Value Added (Agriculture, Forestry and Fishing)",1999,1999,%,32.930221,X,Figure from external organization,
MK,Macro Indicators,LAO,Lao People's Democratic Republic,6103,Share of GDP US$,22016,"Value Added (Agriculture, Forestry and Fishing)",2000,2000,%,32.19743,X,Figure from external organization,
MK,Macro Indicators,LAO,Lao People's Democratic Republic,6103,Share of GDP US$,22016,"Value Added (Agriculture, Forestry and Fishing)",2001,2001,%,31.362065,X,Figure from external organization,
MK,Macro Indicators,LAO,Lao People's Democratic Republic,6103,Share of GDP US$,22016,"Value Added (Agriculture, Forestry and Fishing)",2002,2002,%,30.784993,X,Figure from external organization,
MK,Macro Indicators,LAO,Lao People's Democratic Republic,6103,Share of GDP US$,22016,"Value Added (Agriculture, Forestry and Fishing)",2003,2003,%,29.572607,X,Figure from external organization,
MK,Macro Indicators,LAO,Lao People's Democratic Republic,6103,Share of GDP US$,22016,"Value Added (Agriculture, Forestry and Fishing)",2004,2004,%,28.028858,X,Figure from external organization,
MK,Macro Indicators,LAO,Lao People's Democratic Republic,6103,Share of GDP US$,22016,"Value Added (Agriculture, Forestry and Fishing)",2005,2005,%,26.270809,X,Figure from external organization,
MK,Macro Indicators,LAO,Lao People's Democratic Republic,6103,Share of GDP US$,22016,"Value Added (Agriculture, Forestry and Fishing)",2006,2006,%,25.594778,X,Figure from external organization,
MK,Macro Indicators,LAO,Lao People's Democratic Republic,6103,Share of GDP US$,22016,"Value Added (Agriculture, Forestry and Fishing)",2007,2007,%,23.829803,X,Figure from external organization,
MK,Macro Indicators,LAO,Lao People's Democratic Republic,6103,Share of GDP US$,22016,"Value Added (Agriculture, Forestry and Fishing)",2008,2008,%,22.962342,X,Figure from external organization,
MK,Macro Indicators,LAO,Lao People's Democratic Republic,6103,Share of GDP US$,22016,"Value Added (Agriculture, Forestry and Fishing)",2009,2009,%,23.310081,X,Figure from external organization,
MK,Macro Indicators,LAO,Lao People's Democratic Republic,6103,Share of GDP US$,22016,"Value Added (Agriculture, Forestry and Fishing)",2010,2010,%,22.022181,X,Figure from external organization,
MK,Macro Indicators,LAO,Lao People's Democratic Republic,6103,Share of GDP US$,22016,"Value Added (Agriculture, Forestry and Fishing)",2011,2011,%,21.04579,X,Figure from external organization,
MK,Macro Indicators,LAO,Lao People's Democratic Republic,6103,Share of GDP US$,22016,"Value Added (Agriculture, Forestry and Fishing)",2012,2012,%,18.548487,X,Figure from external organization,
MK,Macro Indicators,LAO,Lao People's Democratic Republic,6103,Share of GDP US$,22016,"Value Added (Agriculture, Forestry and Fishing)",2013,2013,%,17.930498,X,Figure from external organization,
MK,Macro Indicators,LAO,Lao People's Democratic Republic,6103,Share of GDP US$,22016,"Value Added (Agriculture, Forestry and Fishing)",2014,2014,%,17.848792,X,Figure from external organization,
MK,Macro Indicators,LAO,Lao People's Democratic Republic,6103,Share of GDP US$,22016,"Value Added (Agriculture, Forestry and Fishing)",2015,2015,%,17.588144,X,Figure from external organization,
MK,Macro Indicators,LAO,Lao People's Democratic Republic,6103,Share of GDP US$,22016,"Value Added (Agriculture, Forestry and Fishing)",2016,2016,%,17.23031,X,Figure from external organization,
MK,Macro Indicators,LAO,Lao People's Democratic Republic,6103,Share of GDP US$,22016,"Value Added (Agriculture, Forestry and Fishing)",2017,2017,%,16.205599,X,Figure from external organization,
MK,Macro Indicators,LAO,Lao People's Democratic Republic,6103,Share of GDP US$,22016,"Value Added (Agriculture, Forestry and Fishing)",2018,2018,%,15.709489,X,Figure from external organization,
MK,Macro Indicators,LAO,Lao People's Democratic Republic,6103,Share of GDP US$,22016,"Value Added (Agriculture, Forestry and Fishing)",2019,2019,%,16.050084,X,Figure from external organization,
MK,Macro Indicators,LAO,Lao People's Democratic Republic,6103,Share of GDP US$,22016,"Value Added (Agriculture, Forestry and Fishing)",2020,2020,%,16.48446,X,Figure from external organization,
MK,Macro Indicators,LAO,Lao People's Democratic Republic,6103,Share of GDP US$,22016,"Value Added (Agriculture, Forestry and Fishing)",2021,2021,%,15.953427,X,Figure from external organization,
MK,Macro Indicators,LAO,Lao People's Democratic Republic,6103,Share of GDP US$,22016,"Value Added (Agriculture, Forestry and Fishing)",2022,2022,%,17.828041,X,Figure from external organization,
MK,Macro Indicators,LAO,Lao People's Democratic Republic,6103,Share of GDP US$,22016,"Value Added (Agriculture, Forestry and Fishing)",2023,2023,%,21.001933,X,Figure from external organization,
MK,Macro Indicators,LAO,Lao People's Democratic Republic,6103,Share of GDP US$,22016,"Value Added (Agriculture, Forestry and Fishing)",2024,2024,%,21.825438,E,Estimated value,
MK,Macro Indicators,LCA,Saint Lucia,6103,Share of GDP US$,22016,"Value Added (Agriculture, Forestry and Fishing)",1970,1970,%,10.411203,X,Figure from external organization,
MK,Macro Indicators,LCA,Saint Lucia,6103,Share of GDP US$,22016,"Value Added (Agriculture, Forestry and Fishing)",1971,1971,%,10.411001,X,Figure from external organization,
MK,Macro Indicators,LCA,Saint Lucia,6103,Share of GDP US$,22016,"Value Added (Agriculture, Forestry and Fishing)",1972,1972,%,10.433277,X,Figure from external organization,
MK,Macro Indicators,LCA,Saint Lucia,6103,Share of GDP US$,22016,"Value Added (Agriculture, Forestry and Fishing)",1973,1973,%,10.38933,X,Figure from external organization,
MK,Macro Indicators,LCA,Saint Lucia,6103,Share of GDP US$,22016,"Value Added (Agriculture, Forestry and Fishing)",1974,1974,%,10.410397,X,Figure from external organization,
MK,Macro Indicators,LCA,Saint Lucia,6103,Share of GDP US$,22016,"Value Added (Agriculture, Forestry and Fishing)",1975,1975,%,10.500105,X,Figure from external organization,
MK,Macro Indicators,LCA,Saint Lucia,6103,Share of GDP US$,22016,"Value Added (Agriculture, Forestry and Fishing)",1976,1976,%,10.257488,X,Figure from external organization,
MK,Macro Indicators,LCA,Saint Lucia,6103,Share of GDP US$,22016,"Value Added (Agriculture, Forestry and Fishing)",1977,1977,%,10.473599,X,Figure from external organization,
MK,Macro Indicators,LCA,Saint Lucia,6103,Share of GDP US$,22016,"Value Added (Agriculture, Forestry and Fishing)",1978,1978,%,10.988467,X,Figure from external organization,
MK,Macro Indicators,LCA,Saint Lucia,6103,Share of GDP US$,22016,"Value Added (Agriculture, Forestry and Fishing)",1979,1979,%,10.305467,X,Figure from external organization,
MK,Macro Indicators,LCA,Saint Lucia,6103,Share of GDP US$,22016,"Value Added (Agriculture, Forestry and Fishing)",1980,1980,%,8.630098,X,Figure from external organization,
MK,Macro Indicators,LCA,Saint Lucia,6103,Share of GDP US$,22016,"Value Added (Agriculture, Forestry and Fishing)",1981,1981,%,8.282011,X,Figure from external organization,
MK,Macro Indicators,LCA,Saint Lucia,6103,Share of GDP US$,22016,"Value Added (Agriculture, Forestry and Fishing)",1982,1982,%,8.665477,X,Figure from external organization,
MK,Macro Indicators,LCA,Saint Lucia,6103,Share of GDP US$,22016,"Value Added (Agriculture, Forestry and Fishing)",1983,1983,%,9.299766,X,Figure from external organization,
MK,Macro Indicators,LCA,Saint Lucia,6103,Share of GDP US$,22016,"Value Added (Agriculture, Forestry and Fishing)",1984,1984,%,9.327055,X,Figure from external organization,
MK,Macro Indicators,LCA,Saint Lucia,6103,Share of GDP US$,22016,"Value Added (Agriculture, Forestry and Fishing)",1985,1985,%,10.184019,X,Figure from external organization,
MK,Macro Indicators,LCA,Saint Lucia,6103,Share of GDP US$,22016,"Value Added (Agriculture, Forestry and Fishing)",1986,1986,%,12.414767,X,Figure from external organization,
MK,Macro Indicators,LCA,Saint Lucia,6103,Share of GDP US$,22016,"Value Added (Agriculture, Forestry and Fishing)",1987,1987,%,8.709101,X,Figure from external organization,
MK,Macro Indicators,LCA,Saint Lucia,6103,Share of GDP US$,22016,"Value Added (Agriculture, Forestry and Fishing)",1988,1988,%,10.728551,X,Figure from external organization,
MK,Macro Indicators,LCA,Saint Lucia,6103,Share of GDP US$,22016,"Value Added (Agriculture, Forestry and Fishing)",1989,1989,%,8.769964,X,Figure from external organization,
MK,Macro Indicators,LCA,Saint Lucia,6103,Share of GDP US$,22016,"Value Added (Agriculture, Forestry and Fishing)",1990,1990,%,10.018081,X,Figure from external organization,
MK,Macro Indicators,LCA,Saint Lucia,6103,Share of GDP US$,22016,"Value Added (Agriculture, Forestry and Fishing)",1991,1991,%,8.767996,X,Figure from external organization,
MK,Macro Indicators,LCA,Saint Lucia,6103,Share of GDP US$,22016,"Value Added (Agriculture, Forestry and Fishing)",1992,1992,%,9.271317,X,Figure from external organization,
MK,Macro Indicators,LCA,Saint Lucia,6103,Share of GDP US$,22016,"Value Added (Agriculture, Forestry and Fishing)",1993,1993,%,7.715608,X,Figure from external organization,
MK,Macro Indicators,LCA,Saint Lucia,6103,Share of GDP US$,22016,"Value Added (Agriculture, Forestry and Fishing)",1994,1994,%,6.64496,X,Figure from external organization,
MK,Macro Indicators,LCA,Saint Lucia,6103,Share of GDP US$,22016,"Value Added (Agriculture, Forestry and Fishing)",1995,1995,%,6.615327,X,Figure from external organization,
MK,Macro Indicators,LCA,Saint Lucia,6103,Share of GDP US$,22016,"Value Added (Agriculture, Forestry and Fishing)",1996,1996,%,5.840819,X,Figure from external organization,
MK,Macro Indicators,LCA,Saint Lucia,6103,Share of GDP US$,22016,"Value Added (Agriculture, Forestry and Fishing)",1997,1997,%,4.741863,X,Figure from external organization,
MK,Macro Indicators,LCA,Saint Lucia,6103,Share of GDP US$,22016,"Value Added (Agriculture, Forestry and Fishing)",1998,1998,%,5.567979,X,Figure from external organization,
MK,Macro Indicators,LCA,Saint Lucia,6103,Share of GDP US$,22016,"Value Added (Agriculture, Forestry and Fishing)",1999,1999,%,4.896962,X,Figure from external organization,
MK,Macro Indicators,LCA,Saint Lucia,6103,Share of GDP US$,22016,"Value Added (Agriculture, Forestry and Fishing)",2000,2000,%,5.00033,X,Figure from external organization,
MK,Macro Indicators,LCA,Saint Lucia,6103,Share of GDP US$,22016,"Value Added (Agriculture, Forestry and Fishing)",2001,2001,%,4.135143,X,Figure from external organization,
MK,Macro Indicators,LCA,Saint Lucia,6103,Share of GDP US$,22016,"Value Added (Agriculture, Forestry and Fishing)",2002,2002,%,4.590097,X,Figure from external organization,
MK,Macro Indicators,LCA,Saint Lucia,6103,Share of GDP US$,22016,"Value Added (Agriculture, Forestry and Fishing)",2003,2003,%,3.887098,X,Figure from external organization,
MK,Macro Indicators,LCA,Saint Lucia,6103,Share of GDP US$,22016,"Value Added (Agriculture, Forestry and Fishing)",2004,2004,%,3.719093,X,Figure from external organization,
MK,Macro Indicators,LCA,Saint Lucia,6103,Share of GDP US$,22016,"Value Added (Agriculture, Forestry and Fishing)",2005,2005,%,2.902825,X,Figure from external organization,
MK,Macro Indicators,LCA,Saint Lucia,6103,Share of GDP US$,22016,"Value Added (Agriculture, Forestry and Fishing)",2006,2006,%,2.963171,X,Figure from external organization,
MK,Macro Indicators,LCA,Saint Lucia,6103,Share of GDP US$,22016,"Value Added (Agriculture, Forestry and Fishing)",2007,2007,%,2.909362,X,Figure from external organization,
MK,Macro Indicators,LCA,Saint Lucia,6103,Share of GDP US$,22016,"Value Added (Agriculture, Forestry and Fishing)",2008,2008,%,3.597328,X,Figure from external organization,
MK,Macro Indicators,LCA,Saint Lucia,6103,Share of GDP US$,22016,"Value Added (Agriculture, Forestry and Fishing)",2009,2009,%,3.632351,X,Figure from external organization,
MK,Macro Indicators,LCA,Saint Lucia,6103,Share of GDP US$,22016,"Value Added (Agriculture, Forestry and Fishing)",2010,2010,%,2.726743,X,Figure from external organization,
MK,Macro Indicators,LCA,Saint Lucia,6103,Share of GDP US$,22016,"Value Added (Agriculture, Forestry and Fishing)",2011,2011,%,2.344864,X,Figure from external organization,
MK,Macro Indicators,LCA,Saint Lucia,6103,Share of GDP US$,22016,"Value Added (Agriculture, Forestry and Fishing)",2012,2012,%,2.369,X,Figure from external organization,
MK,Macro Indicators,LCA,Saint Lucia,6103,Share of GDP US$,22016,"Value Added (Agriculture, Forestry and Fishing)",2013,2013,%,2.623877,X,Figure from external organization,
MK,Macro Indicators,LCA,Saint Lucia,6103,Share of GDP US$,22016,"Value Added (Agriculture, Forestry and Fishing)",2014,2014,%,2.216905,X,Figure from external organization,
MK,Macro Indicators,LCA,Saint Lucia,6103,Share of GDP US$,22016,"Value Added (Agriculture, Forestry and Fishing)",2015,2015,%,2.152591,X,Figure from external organization,
MK,Macro Indicators,LCA,Saint Lucia,6103,Share of GDP US$,22016,"Value Added (Agriculture, Forestry and Fishing)",2016,2016,%,2.077275,X,Figure from external organization,
MK,Macro Indicators,LCA,Saint Lucia,6103,Share of GDP US$,22016,"Value Added (Agriculture, Forestry and Fishing)",2017,2017,%,1.561724,X,Figure from external organization,
MK,Macro Indicators,LCA,Saint Lucia,6103,Share of GDP US$,22016,"Value Added (Agriculture, Forestry and Fishing)",2018,2018,%,1.628874,X,Figure from external organization,
MK,Macro Indicators,LCA,Saint Lucia,6103,Share of GDP US$,22016,"Value Added (Agriculture, Forestry and Fishing)",2019,2019,%,1.730468,X,Figure from external organization,
MK,Macro Indicators,LCA,Saint Lucia,6103,Share of GDP US$,22016,"Value Added (Agriculture, Forestry and Fishing)",2020,2020,%,1.980959,X,Figure from external organization,
MK,Macro Indicators,LCA,Saint Lucia,6103,Share of GDP US$,22016,"Value Added (Agriculture, Forestry and Fishing)",2021,2021,%,1.714405,X,Figure from external organization,
MK,Macro Indicators,LCA,Saint Lucia,6103,Share of GDP US$,22016,"Value Added (Agriculture, Forestry and Fishing)",2022,2022,%,1.51834,X,Figure from external organization,
MK,Macro Indicators,LCA,Saint Lucia,6103,Share of GDP US$,22016,"Value Added (Agriculture, Forestry and Fishing)",2023,2023,%,1.125209,X,Figure from external organization,
MK,Macro Indicators,LCA,Saint Lucia,6103,Share of GDP US$,22016,"Value Added (Agriculture, Forestry and Fishing)",2024,2024,%,1.129682,E,Estimated value,